Nummer;TAN;START;END;Interviewdauer [sec];Expected Language;STATUS;STATUS_TEXT;current_Q;Q1A1_1;Q1A2_1;Q1A3_1;Q1A4_1;Q1A5_1;Q1A6_1;Q1A7_1;Q1A8_1;Q1A9_1;Q1A10_1;Q2A1_1;Q2A2_1;Q2A3_1;Q2A4_1;Q2A5_1;Q2A6_1;Q2A7_1;Q2A8_1;Q2A9_1;Q2A10_1;Q3A1_1;Q3A2_1;Q3A3_1;Q3A4_1;Q3A5_1;Q3A6_1;Q3A7_1;Q3A8_1;Q3A9_1;Q3A10_1;Q4;Q5A1;Q5A2;Q5A3;Q5A4;Q5A5;Q5A6;Q5A7;Q5A8;Q5A9;Q6A1;Q6A2;Q6A3;Q6A4;Q6A5;Q6A6;Q6A7;Q6A8;Q7A1;Q8A1;Q9A1;Q10;Q11;Q12;Q13;HTTP_USER_AGENT;IP_START;IP_END;QUESTIONNAIRE;SURVEY;I_ID;interviewer_name;ST_ID;QUESTION_ORDER;I_SURVEY;redem_r;redem_gqs;redem_oes;redem_ts;redem_check_time
;;;;;;;;;Please indicate how often you usually eat the following types of food. Think about a normal week. / Red meat (e.g., beef, pork);Please indicate how often you usually eat the following types of food. Think about a normal week. / Poultry (e.g., chicken, turkey);Please indicate how often you usually eat the following types of food. Think about a normal week. / Fish or seafood;Please indicate how often you usually eat the following types of food. Think about a normal week. / Eggs;Please indicate how often you usually eat the following types of food. Think about a normal week. / Dairy products (e.g., milk, cheese, yogurt);Please indicate how often you usually eat the following types of food. Think about a normal week. / Fruits;Please indicate how often you usually eat the following types of food. Think about a normal week. / Vegetables (cooked or raw);Please indicate how often you usually eat the following types of food. Think about a normal week. / Plant-based meat substitutes (e.g., tofu, seitan);Please indicate how often you usually eat the following types of food. Think about a normal week. / Sweets or desserts;Please indicate how often you usually eat the following types of food. Think about a normal week. / Fast food (e.g., burgers, fries, pizza);To what extent do you agree or disagree with the following statements about nutrition and eating? Please read each statement carefully and select the answer that best matches your opinion. / I believe that eating meat is essential for staying healthy.;To what extent do you agree or disagree with the following statements about nutrition and eating? Please read each statement carefully and select the answer that best matches your opinion. / I try to eat a balanced diet every day.;To what extent do you agree or disagree with the following statements about nutrition and eating? Please read each statement carefully and select the answer that best matches your opinion. / A plant-based diet is generally healthier than an animal-based one.;To what extent do you agree or disagree with the following statements about nutrition and eating? Please read each statement carefully and select the answer that best matches your opinion. / I often eat whatever is most convenient, regardless of health.;To what extent do you agree or disagree with the following statements about nutrition and eating? Please read each statement carefully and select the answer that best matches your opinion. / I feel guilty when I eat unhealthy food.;To what extent do you agree or disagree with the following statements about nutrition and eating? Please read each statement carefully and select the answer that best matches your opinion. / I enjoy trying out new or unusual foods.;To what extent do you agree or disagree with the following statements about nutrition and eating? Please read each statement carefully and select the answer that best matches your opinion. / I avoid processed foods whenever possible.;To what extent do you agree or disagree with the following statements about nutrition and eating? Please read each statement carefully and select the answer that best matches your opinion. / I don’t care much about what I eat.;To what extent do you agree or disagree with the following statements about nutrition and eating? Please read each statement carefully and select the answer that best matches your opinion. / Taste is more important to me than nutrition.;To what extent do you agree or disagree with the following statements about nutrition and eating? Please read each statement carefully and select the answer that best matches your opinion. / I trust my own judgment more than expert advice when it comes to nutrition.;How often do you show the following eating behaviors? Please think about your typical week. / I eat breakfast every day.;How often do you show the following eating behaviors? Please think about your typical week. / I skip meals during the day.;How often do you show the following eating behaviors? Please think about your typical week. / I snack between meals.;How often do you show the following eating behaviors? Please think about your typical week. / I plan my meals in advance.;How often do you show the following eating behaviors? Please think about your typical week. / I eat while watching TV or using my phone.;How often do you show the following eating behaviors? Please think about your typical week. / I cook most of my meals myself.;How often do you show the following eating behaviors? Please think about your typical week. / I check ingredients or nutrition labels before buying food.;How often do you show the following eating behaviors? Please think about your typical week. / I eat only when I’m hungry.;How often do you show the following eating behaviors? Please think about your typical week. / I often eat out or order takeaway.;How often do you show the following eating behaviors? Please think about your typical week. / I eat late at night.;Which of the following best describes your current diet? (Please choose only one.);Which of the following foods do you eat regularly? (You may select more than one.) / Chicken;Which of the following foods do you eat regularly? (You may select more than one.) / Cheese;Which of the following foods do you eat regularly? (You may select more than one.) / Bacon or sausage;Which of the following foods do you eat regularly? (You may select more than one.) / Eggs;Which of the following foods do you eat regularly? (You may select more than one.) / Fish or seafood;Which of the following foods do you eat regularly? (You may select more than one.) / Plant-based meat substitutes (e.g., tofu, tempeh);Which of the following foods do you eat regularly? (You may select more than one.) / Milk or dairy products;Which of the following foods do you eat regularly? (You may select more than one.) / Fruits;Which of the following foods do you eat regularly? (You may select more than one.) / Leafy vegetables (e.g., spinach, kale);What are your main reasons for choosing what you eat? (You may select more than one.) / Health and nutrition;What are your main reasons for choosing what you eat? (You may select more than one.) / Taste and enjoyment;What are your main reasons for choosing what you eat? (You may select more than one.) / Convenience and speed;What are your main reasons for choosing what you eat? (You may select more than one.) / Price and budget;What are your main reasons for choosing what you eat? (You may select more than one.) / Animal welfare;What are your main reasons for choosing what you eat? (You may select more than one.) / Environmental concerns;What are your main reasons for choosing what you eat? (You may select more than one.) / Religious or ethical beliefs;What are your main reasons for choosing what you eat? (You may select more than one.) / Habit or tradition;Why do you eat the way you do today? Please explain the reasons for your current eating habits. / ;Can you describe a typical meal that represents your usual eating behavior? / ;What does a ‘healthy meal’ mean to you personally, and how do you try to achieve it? / ;What is your age?;Who lives in your household with you?;What is your highest completed level of education?;How do you usually get your food?;;;;;;;;;;;;;;;
4;4;04.06.2025 10:27;04.06.2025 10:28;51;de;vollständige Befragung;;13;Rarely;3–5× per week;1–2× per week;3–5× per week;3–5× per week;Rarely;1–2× per week;3–5× per week;Daily;Never;Strongly disagree;Neutral;Strongly disagree;Neutral;Strongly disagree;Strongly disagree;Disagree;Disagree;Strongly disagree;Strongly disagree;Sometimes;Rarely;Never;Rarely;Rarely;Never;Rarely;Sometimes;Never;Sometimes;Vegetarian – I don’t eat meat or fish, but I do eat dairy or eggs;;;Bacon or sausage;;Fish or seafood;;;;;Health and nutrition;;;;Animal welfare;;;;hungry;pizza;salad;35–44;I live alone;Vocational training;I buy groceries and cook most of the time;"Mozilla/5.0 (Windows NT 10.0; Win64; x64) AppleWebKit/537.36 (KHTML, like Gecko) Chrome/137.0.0.0 Safari/537.36";217.91.17.29;217.91.17.29;5;1;0;;0;,1,2,3,4,5,6,7,8,9,10,11,12,13;2___91e99997a832d66cc0b11405167f71ab_OVPRAXC;84;95;70;-999;04.06.2025 10:28
5;5;04.06.2025 10:48;04.06.2025 10:55;385;en;Screenout ReDem® Quality Check;;13;1–2× per week;1–2× per week;Rarely;1–2× per week;Daily;3–5× per week;3–5× per week;Never;Daily;Rarely;Disagree;Neutral;Strongly agree;Neutral;Agree;Agree;Agree;Disagree;Disagree;Disagree;Always;Rarely;Sometimes;Often;Often;Sometimes;Sometimes;Sometimes;Rarely;Often;Omnivore – I eat all kinds of food, including meat, fish, and plant-based items;Chicken;Cheese;Bacon or sausage;Eggs;;;Milk or dairy products;Fruits;Leafy vegetables (e.g., spinach, kale);Health and nutrition;Taste and enjoyment;;Price and budget;;;;Habit or tradition;A combination of what I think is healthy and what tastes good.;Pasta with salad;little sugar and little salt, avoid red meat whene verer possible. During the week no alkoholic beverages;45–59;I live with children;University or college degree;I share cooking and shopping with others;"Mozilla/5.0 (Windows NT 10.0; Win64; x64) AppleWebKit/537.36 (KHTML, like Gecko) Chrome/137.0.0.0 Safari/537.36";80.121.50.18;80.121.50.18;5;1;0;;0;,1,2,3,4,5,6,7,8,9,10,11,12,13;2___068b94ba2d1e66992e81f7a404ecc50f_OVPRAXC;61;90;20;-999;04.06.2025 10:55
7;7;04.06.2025 11:45;04.06.2025 11:46;66;de;Screenout ReDem® Quality Check;;13;Never;Rarely;1–2× per week;3–5× per week;Daily;Several times per day;Daily;1–2× per week;Rarely;Never;Strongly disagree;Disagree;Strongly disagree;Disagree;Strongly disagree;Disagree;Strongly disagree;Disagree;Strongly disagree;Disagree;Rarely;Sometimes;Sometimes;Rarely;Rarely;Sometimes;Sometimes;Rarely;Sometimes;Sometimes;Flexitarian – I mostly avoid meat but eat it occasionally;Chicken;;;Eggs;;Plant-based meat substitutes (e.g., tofu, tempeh);;;;;;Convenience and speed;;Animal welfare;;;;gsgaerg;vsfdvbasds;dfvava;25–34;I live with parents or other family members;High school diploma;I share cooking and shopping with others;"Mozilla/5.0 (Windows NT 10.0; Win64; x64) AppleWebKit/537.36 (KHTML, like Gecko) Chrome/137.0.0.0 Safari/537.36";80.121.50.18;80.121.50.18;5;1;0;;0;,1,2,3,4,5,6,7,8,9,10,11,12,13;2___528fee7395548f35d9b727d5d01a1bde_OVPRAXC;51;62;0;-999;04.06.2025 11:46
9;9;04.06.2025 14:07;04.06.2025 14:09;112;en;Screenout ReDem® Quality Check;;13;Rarely;Never;1–2× per week;1–2× per week;1–2× per week;Rarely;3–5× per week;1–2× per week;3–5× per week;3–5× per week;Disagree;Strongly disagree;Strongly disagree;Disagree;Strongly disagree;Disagree;Disagree;Disagree;Neutral;Neutral;Sometimes;Rarely;Never;Rarely;Rarely;Rarely;Rarely;Rarely;Sometimes;Sometimes;Flexitarian – I mostly avoid meat but eat it occasionally;;;Bacon or sausage;;;;;;;;;;Price and budget;;;;;potatoes with meat;meat with salad;very much food;25–34;I live with children;Vocational training;I buy groceries and cook most of the time;"Mozilla/5.0 (Windows NT 10.0; Win64; x64) AppleWebKit/537.36 (KHTML, like Gecko) Chrome/137.0.0.0 Safari/537.36";217.91.17.29;217.91.17.29;5;1;0;;0;,1,2,3,4,5,6,7,8,9,10,11,12,13;2___942463016304d49a025b2a6fd543119c_OVPRAXC;64;87;20;-999;04.06.2025 14:09
11;11;04.06.2025 15:40;04.06.2025 15:40;584;en;Aufruf Fragebogen;;1;Never;Rarely;Rarely;Rarely;Never;;Never;Rarely;Rarely;Rarely;;;;;;;;;;;;;;;;;;;;;;;;;;;;;;;;;;;;;;;;;;;;;;"Mozilla/5.0 (Windows NT 10.0; Win64; x64) AppleWebKit/537.36 (KHTML, like Gecko) Chrome/137.0.0.0 Safari/537.36";80.121.50.18;;5;1;0;;0;;2___40a7ce5e3746175bd79d76b593339046_OVPRAXC;;;;;0
12;12;04.06.2025 15:51;04.06.2025 15:51;;de;Aufruf Fragebogen;;1;;;;;;;;;;;;;;;;;;;;;;;;;;;;;;;;;;;;;;;;;;;;;;;;;;;;;;;;"Mozilla/5.0 (Windows NT 10.0; Win64; x64) AppleWebKit/537.36 (KHTML, like Gecko) Chrome/137.0.0.0 Safari/537.36";80.121.50.18;;5;1;0;;0;;2___065e0bad932ed814ca170d0a3a9d5552_OVPRAXC;;;;;0
14;14;04.06.2025 17:22;04.06.2025 17:22;;en;Aufruf Fragebogen;;1;;;;;;;;;;;;;;;;;;;;;;;;;;;;;;;;;;;;;;;;;;;;;;;;;;;;;;;;"Mozilla/5.0 (Windows NT 10.0; Win64; x64) AppleWebKit/537.36 (KHTML, like Gecko) Chrome/137.0.0.0 Safari/537.36";80.121.50.18;;5;1;0;;0;;2___6b898ac7cb91fc02f5e709369d3649a3_OVPRAXC;;;;;0
19;19;08.06.2025 21:21;08.06.2025 21:25;168;de;Redem® Prüfung Complete;;13;3–5× per week;1–2× per week;3–5× per week;Daily;Never;Rarely;Several times per day;3–5× per week;1–2× per week;3–5× per week;Strongly agree;Disagree;Agree;Disagree;Strongly disagree;Strongly disagree;Strongly agree;Strongly disagree;Neutral;Strongly disagree;Sometimes;Rarely;Never;Never;Rarely;Often;Never;Rarely;Never;Always;Pescatarian – I don’t eat meat, but I do eat fish and seafood;;;Bacon or sausage;;Fish or seafood;;;;Leafy vegetables (e.g., spinach, kale);;;;;;;;Habit or tradition;i eat the way i do ce zty n coniod n don't like cooking much. also, i don't hamprepare healthy meals.;yeah, i usually go for a quick and easy meal like a sandwich or some pasta. i don't really cook much, so i tend to grab something simple and fast to eat.;a healthy meal means lot of vegtables and lean protein. i try to cook at home more often and avoid fast food.;60 or older;I live with parents or other family members;Secondary school;I mostly eat out or order take-away food;"Mozilla/5.0 (Macintosh; Intel Mac OS X 10_15_7) AppleWebKit/537.36 (KHTML, like Gecko) Chrome/136.0.0.0 Safari/537.36";24.134.96.217;24.134.96.217;5;1;0;;0;,1,2,3,4,5,6,7,8,9,10,11,12,13;2___202cf212e8e7a6954b71284769625d13_OVPRAXC;;;;;0
20;20;09.06.2025 17:19;09.06.2025 17:20;82;en;Teilbefragung;;9;3–5× per week;3–5× per week;Never;Several times per day;3–5× per week;Daily;Rarely;1–2× per week;Rarely;Daily;Strongly disagree;Strongly disagree;Neutral;Strongly disagree;Strongly agree;Agree;Disagree;Neutral;Neutral;Strongly disagree;Often;Often;Rarely;Never;Sometimes;Often;Never;Never;Never;Rarely;Vegetarian – I don’t eat meat or fish, but I do eat dairy or eggs;;;Bacon or sausage;;Fish or seafood;;Milk or dairy products;;;Health and nutrition;;;Price and budget;;Environmental concerns;;Habit or tradition;I goeoadt  etxhea mplwea y foIr  mdyo  ptaodtiayen tsb.ecause I'm;Yes, sure! You can say that my typical meal consists of grilled chicken, quinoa, and roasted vegetables.;;;;;;"Mozilla/5.0 (Macintosh; Intel Mac OS X 10_15_7) AppleWebKit/537.36 (KHTML, like Gecko) Chrome/136.0.0.0 Safari/537.36";24.134.96.217;;5;1;0;;0;,1,2,3,4,5,6,7,8;2___e95fefedbcac6f344eedfa32d5d43458_OVPRAXC;;;;;0
21;21;10.06.2025 09:13;10.06.2025 09:16;174;en;Teilbefragung;;8;Rarely;Daily;Never;Rarely;Never;Rarely;Rarely;Daily;1–2× per week;Never;Agree;Agree;Disagree;Agree;Strongly disagree;Disagree;Agree;Strongly disagree;Neutral;Strongly disagree;Never;Often;Rarely;Sometimes;Rarely;Often;Always;Sometimes;Rarely;Always;Flexitarian – I mostly avoid meat but eat it occasionally;Chicken;Cheese;Bacon or sausage;Eggs;Fish or seafood;Plant-based meat substitutes (e.g., tofu, tempeh);Milk or dairy products;Fruits;Leafy vegetables (e.g., spinach, kale);;;;;Animal welfare;;;;I eat the way I do because I prioritize my health and well-being. I try to consume a balanced diet to fuel my body and mind for my demanding job as a dentist. Additionally, I enjoy exploring different cuisines and flavors, which motivates me to cook and eat diverse meals.;;;;;;;"Mozilla/5.0 (Macintosh; Intel Mac OS X 10_15_7) AppleWebKit/537.36 (KHTML, like Gecko) Chrome/136.0.0.0 Safari/537.36";24.134.96.217;;5;1;0;;0;,1,2,3,4,5,6,7;2___037c7aa8f3d122139da26c750ff2a6de_OVPRAXC;;;;;0
23;23;11.06.2025 15:43;11.06.2025 15:44;82;de;vollständige Befragung;;13;1–2× per week;Rarely;1–2× per week;Rarely;1–2× per week;1–2× per week;1–2× per week;Rarely;1–2× per week;1–2× per week;Strongly disagree;Disagree;Strongly disagree;Strongly disagree;Neutral;Strongly disagree;Disagree;Strongly disagree;Strongly disagree;Disagree;Never;Sometimes;Never;Rarely;Sometimes;Never;Sometimes;Rarely;Sometimes;Sometimes;Flexitarian – I mostly avoid meat but eat it occasionally;;Cheese;;Eggs;;Plant-based meat substitutes (e.g., tofu, tempeh);;;;Health and nutrition;Taste and enjoyment;;;;Environmental concerns;;;I was in a hurry;potatoas meat salad;yoghurt fruits;35–44;I live with children;Vocational training;I share cooking and shopping with others;"Mozilla/5.0 (Windows NT 10.0; Win64; x64) AppleWebKit/537.36 (KHTML, like Gecko) Chrome/137.0.0.0 Safari/537.36";217.91.17.29;217.91.17.29;5;1;0;;0;,1,2,3,4,5,6,7,8,9,10,11,12,13;2___f7888b869cfa8231d6d5d613585856de_OVPRAXC;84;94;70;-999;11.06.2025 15:44
24;24;12.06.2025 14:25;12.06.2025 14:46;706;en;vollständige Befragung;;13;Several times per day;Daily;Never;Never;3–5× per week;Several times per day;3–5× per week;Rarely;Rarely;1–2× per week;Disagree;Strongly agree;Neutral;Strongly disagree;Agree;Disagree;Neutral;Strongly agree;Strongly disagree;Disagree;Never;Sometimes;Often;Always;Always;Rarely;Sometimes;Never;Always;Sometimes;Flexitarian – I mostly avoid meat but eat it occasionally;;;;;;;Milk or dairy products;Fruits;;Health and nutrition;Taste and enjoyment;Convenience and speed;;Animal welfare;Environmental concerns;Religious or ethical beliefs;Habit or tradition;I eat mainly coz I like to keep my health on track. Also, try to cook at home more often for me and my kids, even though sometimes busy with work and all that.;Yes, I love pasta with a creamy sauce and chicken, it's one of my go-to dishes. Also, I'm a big fan of chocolate cake for dessert. Yummy!;I try to eat lot fruits and vegies, and cook from scratch at home. I also avoid junk food and sugary drinks.;35–44;I live with parents or other family members;No formal education;I share cooking and shopping with others;"Mozilla/5.0 (Macintosh; Intel Mac OS X 10_15_7) AppleWebKit/537.36 (KHTML, like Gecko) Chrome/136.0.0.0 Safari/537.36";109.40.51.117;109.40.51.117;5;1;0;;0;,1,2,3,4,5,6,7,8,9,10,11,12,13;2___a82157d3696d91d561dad1c6ac40b2a6_OVPRAXC;99;97;100;-999;12.06.2025 14:46
27;27;12.06.2025 17:36;12.06.2025 17:37;86;de;Redem® Prüfung Complete;;13;Never;Rarely;1–2× per week;1–2× per week;1–2× per week;3–5× per week;Daily;Several times per day;3–5× per week;1–2× per week;Strongly disagree;Disagree;Neutral;Disagree;Neutral;Agree;Disagree;Neutral;Strongly disagree;Neutral;Never;Rarely;Never;Sometimes;Sometimes;Rarely;Rarely;Often;Always;Often;Flexitarian – I mostly avoid meat but eat it occasionally;;;;Eggs;;Plant-based meat substitutes (e.g., tofu, tempeh);;Fruits;;;Taste and enjoyment;;Price and budget;;Environmental concerns;;;A healthy meal to me means a balanced combination of whole foods that nourish the body—lean proteins, plenty of vegetables, whole grains, and minimal processed ingredients.;I try to achieve this by cooking most meals myself, focusing on fresh produce and avoiding added sugars or artificial additives.;lean proteins, plenty of vegetables, whole grains, and minimal processed ingredients.;35–44;I live with parents or other family members;Secondary school;Someone else does most of the shopping/cooking;"Mozilla/5.0 (Windows NT 10.0; Win64; x64) AppleWebKit/537.36 (KHTML, like Gecko) Chrome/137.0.0.0 Safari/537.36";194.166.93.145;194.166.93.145;5;1;0;;0;,1,2,3,4,5,6,7,8,9,10,11,12,13;2___6f037a4da2b959e851986b76603f4274_OVPRAXC;;;;;0
28;28;13.06.2025 08:54;13.06.2025 08:56;75;en;Redem® Prüfung Complete;;13;3–5× per week;1–2× per week;1–2× per week;1–2× per week;1–2× per week;Rarely;3–5× per week;1–2× per week;Rarely;3–5× per week;Disagree;Strongly disagree;Strongly disagree;Disagree;Disagree;Disagree;Strongly disagree;Disagree;Strongly disagree;Disagree;Never;Rarely;Rarely;Never;Rarely;Rarely;Rarely;Rarely;Sometimes;Sometimes;Vegan – I avoid all animal products (no meat, dairy, eggs, etc.);;Cheese;;;Fish or seafood;;Milk or dairy products;;;;Taste and enjoyment;Convenience and speed;;Animal welfare;;;;I was very hungry;wheat product meat salad;yoghurt fruits;35–44;I live with children;Vocational training;I buy groceries and cook most of the time;"Mozilla/5.0 (Windows NT 10.0; Win64; x64) AppleWebKit/537.36 (KHTML, like Gecko) Chrome/137.0.0.0 Safari/537.36";217.91.17.29;217.91.17.29;5;1;0;;0;,1,2,3,4,5,6,7,8,9,10,11,12,13;2___f9be189a323fbc4cd7c68e07bc8c9b77_OVPRAXC;;;;;0
29;29;13.06.2025 08:58;13.06.2025 09:01;158;en;Redem® Prüfung Complete;;13;1–2× per week;Never;Rarely;1–2× per week;1–2× per week;Rarely;Rarely;1–2× per week;1–2× per week;1–2× per week;Strongly disagree;Disagree;Strongly disagree;Neutral;Disagree;Strongly disagree;Disagree;Neutral;Strongly disagree;Disagree;Never;Rarely;Rarely;Sometimes;Sometimes;Rarely;Sometimes;Sometimes;Never;Sometimes;Vegetarian – I don’t eat meat or fish, but I do eat dairy or eggs;;;Bacon or sausage;Eggs;;Plant-based meat substitutes (e.g., tofu, tempeh);;;;;;Convenience and speed;;Animal welfare;Environmental concerns;;;much sports;noodles slalad;fruits salad;35–44;I live with parents or other family members;Secondary school;I share cooking and shopping with others;"Mozilla/5.0 (Windows NT 10.0; Win64; x64; rv:139.0) Gecko/20100101 Firefox/139.0";217.91.17.29;217.91.17.29;5;1;0;;0;,1,2,3,4,5,6,7,8,9,10,11,12,13;2___e8616a2c538312b03b0b1caf9187511c_OVPRAXC;;;;;0
30;30;13.06.2025 09:05;13.06.2025 09:06;64;de;Screenout ReDem® Quality Check;;13;3–5× per week;Rarely;Rarely;1–2× per week;1–2× per week;Rarely;1–2× per week;1–2× per week;1–2× per week;1–2× per week;Disagree;Strongly disagree;Disagree;Disagree;Strongly disagree;Disagree;Strongly disagree;Strongly disagree;Disagree;Neutral;Sometimes;Never;Sometimes;Rarely;Rarely;Sometimes;Sometimes;Rarely;Sometimes;Sometimes;Pescatarian – I don’t eat meat, but I do eat fish and seafood;;Cheese;Bacon or sausage;;Fish or seafood;;;;;;Taste and enjoyment;;;Animal welfare;Environmental concerns;;;not much time;much calories;fruits yoghurt;25–34;I live with parents or other family members;High school diploma;I share cooking and shopping with others;"Mozilla/5.0 (Windows NT 10.0; Win64; x64; rv:139.0) Gecko/20100101 Firefox/139.0";217.91.17.29;217.91.17.29;5;1;0;;0;,1,2,3,4,5,6,7,8,9,10,11,12,13;2___fcb5be6118473fd4a59da1d91e5b2ee5_OVPRAXC;71;89;70;-999;13.06.2025 09:06
42;42;17.06.2025 18:23;17.06.2025 18:23;;en;Aufruf Fragebogen;;0;;;;;;;;;;;;;;;;;;;;;;;;;;;;;;;;;;;;;;;;;;;;;;;;;;;;;;;;"Mozilla/5.0 (Windows NT 10.0; Win64; x64) AppleWebKit/537.36 (KHTML, like Gecko) Chrome/137.0.0.0 Safari/537.36";80.121.55.6;;5;1;0;;0;;2___7584e27c5b26834329cac40a71366e2e_OVPRAXC;;;;;0
43;43;17.06.2025 18:26;17.06.2025 18:26;;de;Aufruf Fragebogen;;0;;;;;;;;;;;;;;;;;;;;;;;;;;;;;;;;;;;;;;;;;;;;;;;;;;;;;;;;"Mozilla/5.0 (Windows NT 10.0; Win64; x64) AppleWebKit/537.36 (KHTML, like Gecko) Chrome/137.0.0.0 Safari/537.36";80.121.55.6;;5;1;0;;0;;2___c173f0c0720b9d7799f914f239e29052_OVPRAXC;;;;;0
62;62;20.06.2025 10:29;20.06.2025 10:29;7;en;Teilbefragung;;7;Several times per day;Never;3–5× per week;1–2× per week;1–2× per week;Daily;Never;Daily;Rarely;1–2× per week;Neutral;Disagree;Strongly disagree;Agree;Disagree;Neutral;Strongly disagree;Neutral;Disagree;Strongly agree;Often;Always;Rarely;Often;Never;Rarely;Often;Rarely;Never;Sometimes;Flexitarian – I mostly avoid meat but eat it occasionally;Chicken;;;;;;;Fruits;;;Taste and enjoyment;;;Animal welfare;Environmental concerns;Religious or ethical beliefs;;;;;;;;;"Mozilla/5.0 (Macintosh; Intel Mac OS X 10_15_7) AppleWebKit/537.36 (KHTML, like Gecko) Chrome/137.0.0.0 Safari/537.36";24.134.96.217;;5;1;0;;0;,1,2,3,4,5,6;2___aeefacf536f1c233ff8cb074ce14ce68_OVPRAXC;;;;;0
64;64;23.06.2025 10:43;23.06.2025 10:44;50;en;Teilbefragung;;7;Never;Rarely;1–2× per week;Rarely;3–5× per week;3–5× per week;3–5× per week;1–2× per week;Daily;3–5× per week;Strongly disagree;Disagree;Disagree;Neutral;Agree;Strongly agree;Strongly agree;Disagree;Disagree;Strongly disagree;Never;Rarely;Rarely;Sometimes;Sometimes;Often;Sometimes;Rarely;Never;Never;Pescatarian – I don’t eat meat, but I do eat fish and seafood;Chicken;Cheese;Bacon or sausage;Eggs;Fish or seafood;Plant-based meat substitutes (e.g., tofu, tempeh);Milk or dairy products;Fruits;Leafy vegetables (e.g., spinach, kale);Health and nutrition;Taste and enjoyment;Convenience and speed;Price and budget;Animal welfare;Environmental concerns;Religious or ethical beliefs;Habit or tradition;;;;;;;;"Mozilla/5.0 (Windows NT 10.0; Win64; x64) AppleWebKit/537.36 (KHTML, like Gecko) Chrome/137.0.0.0 Safari/537.36";193.154.125.63;;5;1;0;;0;,1,2,3,4,5,6;2___d73ea8ffaf7683cab0b362bdf2fa0602_OVPRAXC;;;;;0
65;65;23.06.2025 10:47;23.06.2025 10:49;159;de;vollständige Befragung;;13;Never;Rarely;1–2× per week;Rarely;Never;Rarely;1–2× per week;Rarely;Never;1–2× per week;Disagree;Disagree;Strongly disagree;Disagree;Disagree;Disagree;Strongly disagree;Disagree;Disagree;Strongly disagree;Never;Rarely;Sometimes;Often;Always;Often;Sometimes;Rarely;Never;Rarely;Vegan – I avoid all animal products (no meat, dairy, eggs, etc.);Chicken;Cheese;Bacon or sausage;Eggs;Fish or seafood;Plant-based meat substitutes (e.g., tofu, tempeh);Milk or dairy products;Fruits;Leafy vegetables (e.g., spinach, kale);Health and nutrition;Taste and enjoyment;Convenience and speed;Price and budget;Animal welfare;Environmental concerns;Religious or ethical beliefs;Habit or tradition;One of the main drivers behind my eating habits is supporting my physical and mental health.;A mix of quinoa and lentils, providing fiber, iron, and plant-based protein;The key to a healthy diet is to eat the right amount of calories for how active you are so you balance the energy you consume with the energy you use.;25–34;I live with children;Vocational training;I share cooking and shopping with others;"Mozilla/5.0 (Windows NT 10.0; Win64; x64) AppleWebKit/537.36 (KHTML, like Gecko) Chrome/137.0.0.0 Safari/537.36";193.154.125.63;193.154.125.63;5;1;0;;0;,1,2,3,4,5,6,7,8,9,10,11,12,13;2___47b5fed0a1aa46e03f6e336eb9f310cb_OVPRAXC;-999;;;-999;23.06.2025 10:49
66;66;23.06.2025 10:53;23.06.2025 10:54;81;en;Screenout ReDem® Quality Check;;13;Never;Rarely;1–2× per week;3–5× per week;Daily;Several times per day;3–5× per week;1–2× per week;Rarely;Never;Strongly agree;Strongly agree;Strongly agree;Strongly agree;Strongly agree;Strongly agree;Strongly agree;Strongly agree;Strongly agree;Strongly agree;Always;Always;Often;Often;Always;Always;Often;Often;Always;Always;Vegan – I avoid all animal products (no meat, dairy, eggs, etc.);Chicken;Cheese;Bacon or sausage;Eggs;Fish or seafood;Plant-based meat substitutes (e.g., tofu, tempeh);Milk or dairy products;Fruits;Leafy vegetables (e.g., spinach, kale);Health and nutrition;Taste and enjoyment;Convenience and speed;Price and budget;Animal welfare;Environmental concerns;Religious or ethical beliefs;Habit or tradition;The key to a healthy diet is to eat the right amount of calories for how active you are so you balance the energy you consume with the energy you use.;Healthy eating means eating a variety of foods that give you the nutrients you need to maintain your health, feel good, and have energy.;a healthy diet consists of many fresh fruits and vegetables and limits processed foods.;25–34;I live with children;Vocational training;I share cooking and shopping with others;"Mozilla/5.0 (Windows NT 10.0; Win64; x64) AppleWebKit/537.36 (KHTML, like Gecko) Chrome/137.0.0.0 Safari/537.36";193.154.125.63;193.154.125.63;5;1;0;;0;,1,2,3,4,5,6,7,8,9,10,11,12,13;2___5c5451f05a3c315cbb9233f5ea047db8_OVPRAXC;30;36;34;-999;23.06.2025 10:54
68;68;23.06.2025 14:31;23.06.2025 14:33;118;de;Screenout ReDem® Quality Check;;13;Daily;3–5× per week;Daily;3–5× per week;1–2× per week;1–2× per week;Rarely;Never;Rarely;Never;Strongly disagree;Disagree;Disagree;Disagree;Neutral;Neutral;Disagree;Disagree;Disagree;Strongly disagree;Never;Rarely;Sometimes;Rarely;Rarely;Never;Often;Often;Sometimes;Rarely;Vegan – I avoid all animal products (no meat, dairy, eggs, etc.);Chicken;Cheese;Bacon or sausage;Eggs;Fish or seafood;Plant-based meat substitutes (e.g., tofu, tempeh);Milk or dairy products;Fruits;Leafy vegetables (e.g., spinach, kale);Health and nutrition;Taste and enjoyment;Convenience and speed;Price and budget;Animal welfare;Environmental concerns;Religious or ethical beliefs;Habit or tradition;My current eating habits are shaped by a combination of personal values, health priorities, lifestyle choices, and cultural influences.;Low sugar intake to avoid blood sugar spikes and crashes.;Minimizing ultra-processed foods, which can negatively affect gut health and brain function.;25–34;I live with children;Vocational training;I share cooking and shopping with others;"Mozilla/5.0 (Windows NT 10.0; Win64; x64) AppleWebKit/537.36 (KHTML, like Gecko) Chrome/137.0.0.0 Safari/537.36";193.154.125.63;193.154.125.63;5;1;0;;0;,1,2,3,4,5,6,7,8,9,10,11,12,13;2___a2f9297d1846cca27dc23381a0c2b7b7_OVPRAXC;55;91;64;-999;23.06.2025 14:33
69;69;23.06.2025 14:40;23.06.2025 14:44;223;en;Screenout ReDem® Quality Check;;13;Never;Rarely;1–2× per week;1–2× per week;Rarely;3–5× per week;3–5× per week;3–5× per week;3–5× per week;3–5× per week;Strongly disagree;Disagree;Strongly disagree;Disagree;Disagree;Disagree;Neutral;Strongly agree;Strongly agree;Disagree;Never;Rarely;Never;Rarely;Rarely;Rarely;Sometimes;Often;Sometimes;Rarely;Vegan – I avoid all animal products (no meat, dairy, eggs, etc.);Chicken;Cheese;Bacon or sausage;Eggs;Fish or seafood;Plant-based meat substitutes (e.g., tofu, tempeh);Milk or dairy products;Fruits;Leafy vegetables (e.g., spinach, kale);Health and nutrition;Taste and enjoyment;Convenience and speed;Price and budget;Animal welfare;Environmental concerns;Religious or ethical beliefs;Habit or tradition;Base your meals on higher fibre starchy carbohydrates;potatoes and chicken;Fruit, vegetables, legumes (e.g. lentils and beans), nuts and whole grains;25–34;I live with children;Vocational training;Someone else does most of the shopping/cooking;"Mozilla/5.0 (Windows NT 10.0; Win64; x64) AppleWebKit/537.36 (KHTML, like Gecko) Chrome/137.0.0.0 Safari/537.36";193.154.125.63;193.154.125.63;5;1;0;;0;,1,2,3,4,5,6,7,8,9,10,11,12,13;2___c620a4f1232ae2201172b6a9992a1f48_OVPRAXC;70;89;87;-999;23.06.2025 14:44
70;70;23.06.2025 14:51;23.06.2025 14:52;75;en;Screenout ReDem® Quality Check;;13;Never;Rarely;Rarely;Rarely;Rarely;Rarely;Rarely;Rarely;Rarely;1–2× per week;Strongly disagree;Disagree;Neutral;Agree;Strongly agree;Agree;Neutral;Disagree;Strongly disagree;Disagree;Never;Never;Rarely;Rarely;Sometimes;Sometimes;Often;Often;Always;Always;Vegetarian – I don’t eat meat or fish, but I do eat dairy or eggs;;Cheese;Bacon or sausage;Eggs;;;;;;;;Convenience and speed;Price and budget;;;;;Test typing;Fruit, vegetables, legumes (e.g. lentils and beans), nuts and whole grains;ow sugar intake to avoid blood sugar spikes and crashes.;35–44;I live with parents or other family members;High school diploma;I share cooking and shopping with others;"Mozilla/5.0 (Linux; Android 6.0; Nexus 5 Build/MRA58N) AppleWebKit/537.36 (KHTML, like Gecko) Chrome/137.0.0.0 Mobile Safari/537.36";80243160164;80243160164;5;1;0;;0;,1,2,3,4,5,6,7,8,9,10,11,12,13;2___43f0d6f56e5fd44c1d49d8717322385a_OVPRAXC;56;21;84;-999;23.06.2025 14:52
72;72;23.06.2025 14:59;23.06.2025 15:01;168;de;Screenout ReDem® Quality Check;;13;Never;Rarely;1–2× per week;3–5× per week;Daily;Several times per day;Daily;3–5× per week;1–2× per week;Rarely;Strongly disagree;Strongly disagree;Disagree;Disagree;Neutral;Neutral;Agree;Agree;Strongly agree;Strongly agree;Never;Never;Never;Never;Never;Never;Never;Never;Never;Never;Omnivore – I eat all kinds of food, including meat, fish, and plant-based items;;Cheese;;Eggs;;Plant-based meat substitutes (e.g., tofu, tempeh);Milk or dairy products;;;;Taste and enjoyment;Convenience and speed;Price and budget;;;;;test thi styping;asda asasdasdasda;a healthy diet consists of many fresh fruits and vegetables and limit;35–44;I live with parents or other family members;University or college degree;Someone else does most of the shopping/cooking;"Mozilla/5.0 (Linux; Android 6.0; Nexus 5 Build/MRA58N) AppleWebKit/537.36 (KHTML, like Gecko) Chrome/137.0.0.0 Mobile Safari/537.36";80243160164;80243160164;5;1;0;;0;,1,2,3,4,5,6,7,8,9,10,11,12,13;2___c67774bc5dc1081c58917095d0a37313_OVPRAXC;38;34;6;-999;23.06.2025 15:02
76;76;24.06.2025 11:09;24.06.2025 11:14;322;en;Screenout ReDem® Quality Check;;13;Never;1–2× per week;Rarely;3–5× per week;3–5× per week;3–5× per week;Daily;3–5× per week;1–2× per week;Several times per day;Strongly disagree;Disagree;Neutral;Strongly disagree;Disagree;Neutral;Strongly disagree;Disagree;Neutral;Agree;Never;Always;Sometimes;Sometimes;Sometimes;Often;Often;Rarely;Sometimes;Rarely;Omnivore – I eat all kinds of food, including meat, fish, and plant-based items;Chicken;Cheese;Bacon or sausage;Eggs;;;Milk or dairy products;Fruits;Leafy vegetables (e.g., spinach, kale);;;Convenience and speed;Price and budget;Animal welfare;Environmental concerns;Religious or ethical beliefs;Habit or tradition;Convenience and speed, price and budget, animal welfare, environmental concerns, religious or ethical beliefs, habit or tradition.;My typical meal usually consists of grilled chicken with a side of mixed vegetables and a small portion of brown rice.;A 'healthy meal' to me means balanced and nutritious, with a good mix of proteins, carbohydrates, and vegetables. I try to achieve this by meal prepping with lean proteins, whole grains, and plenty of fresh vegetables.;45–59;I live in a shared flat or community;Vocational training;I share cooking and shopping with others;"Mozilla/5.0 (Macintosh; Intel Mac OS X 10_15_7) AppleWebKit/537.36 (KHTML, like Gecko) Chrome/137.0.0.0 Safari/537.36";24.134.96.217;24.134.96.217;5;1;0;;0;,1,2,3,4,5,6,7,8,9,10,11,12,13;2___a2311d7a7507559ffca7b947c4b54097_OVPRAXC;52;95;0;-999;24.06.2025 11:14
77;77;24.06.2025 11:28;24.06.2025 11:28;16;de;Screenout ReDem® Quality Check;;13;3–5× per week;1–2× per week;3–5× per week;Rarely;Several times per day;1–2× per week;Several times per day;3–5× per week;3–5× per week;3–5× per week;Disagree;Strongly disagree;Disagree;Agree;Strongly agree;Neutral;Disagree;Disagree;Strongly agree;Disagree;Always;Sometimes;Often;Never;Often;Rarely;Never;Never;Always;Never;Flexitarian – I mostly avoid meat but eat it occasionally;Chicken;Cheese;Bacon or sausage;Eggs;Fish or seafood;Plant-based meat substitutes (e.g., tofu, tempeh);Milk or dairy products;Fruits;Leafy vegetables (e.g., spinach, kale);;;Convenience and speed;Price and budget;Animal welfare;;Religious or ethical beliefs;Habit or tradition;olor sit amet. Lorem ipsum dolor sit amet, consetetur sadipscing;et clita kasd gubergren, no sea takimata s;rat volutpat.Ut wisi enim ad minim veniam, quis nostrud exerci tation ullamcorper s;18–24;I live with a partner;High school diploma;Someone else does most of the shopping/cooking;"Mozilla/5.0 (Macintosh; Intel Mac OS X 10_15_7) AppleWebKit/537.36 (KHTML, like Gecko) Chrome/137.0.0.0 Safari/537.36";24.134.96.217;24.134.96.217;5;1;0;;0;,1,2,3,4,5,6,7,8,9,10,11,12,13;2___fcb571cce824479a57000d5edc92f26b_OVPRAXC;28;96;0;-999;0
78;78;24.06.2025 11:30;24.06.2025 11:34;242;en;Screenout ReDem® Quality Check;;13;1–2× per week;1–2× per week;Several times per day;Never;3–5× per week;3–5× per week;Several times per day;3–5× per week;Never;3–5× per week;Agree;Strongly agree;Strongly disagree;Strongly agree;Disagree;Strongly disagree;Neutral;Neutral;Disagree;Neutral;Sometimes;Sometimes;Rarely;Sometimes;Never;Sometimes;Never;Sometimes;Never;Never;Other;Chicken;Cheese;Bacon or sausage;Eggs;;;Milk or dairy products;;Leafy vegetables (e.g., spinach, kale);Health and nutrition;Taste and enjoyment;Convenience and speed;;Animal welfare;Environmental concerns;Religious or ethical beliefs;Habit or tradition;r adipiscing elit, sed diam non;ccusam et justo duo dolores et ea rebum. Stet clita kasd gubergr;u feugiat nulla facilisis at vero eros et accum;Under 18;I live alone;Vocational training;I share cooking and shopping with others;"Mozilla/5.0 (Macintosh; Intel Mac OS X 10_15_7) AppleWebKit/537.36 (KHTML, like Gecko) Chrome/137.0.0.0 Safari/537.36";24.134.96.217;24.134.96.217;5;1;0;;0;,1,2,3,4,5,6,7,8,9,10,11,12,13;2___49cf4f11809983bf0d72d27583247243_OVPRAXC;52;95;7;-999;24.06.2025 11:34
79;79;24.06.2025 12:08;24.06.2025 12:08;1825;en;Aufruf Fragebogen;;1;1–2× per week;1–2× per week;;;;;;;;;;;;;;;;;;;;;;;;;;;;;;;;;;;;;;;;;;;;;;;;;;;;;;"Mozilla/5.0 (Macintosh; Intel Mac OS X 10_15_7) AppleWebKit/537.36 (KHTML, like Gecko) Chrome/137.0.0.0 Safari/537.36";24.134.96.217;;5;1;0;;0;;2___ddfdb4bf9c707a9292dd47b83105ab44_OVPRAXC;;;;;0
80;80;24.06.2025 12:45;24.06.2025 12:53;465;de;Screenout ReDem® Quality Check;;13;1–2× per week;3–5× per week;1–2× per week;Daily;Daily;Daily;Daily;Rarely;1–2× per week;Rarely;Agree;Agree;Agree;Agree;Agree;Agree;Agree;Agree;Agree;Agree;Always;Rarely;Sometimes;Sometimes;Sometimes;Always;Sometimes;Sometimes;Sometimes;Rarely;Omnivore – I eat all kinds of food, including meat, fish, and plant-based items;Chicken;Cheese;Bacon or sausage;Eggs;Fish or seafood;Plant-based meat substitutes (e.g., tofu, tempeh);Milk or dairy products;Fruits;Leafy vegetables (e.g., spinach, kale);Health and nutrition;;;;;;;;Health and nutrition;Sure, a typical meal for me would be grilled chicken with a side of steamed vegetables and a small portion of brown rice.;Balanced meals with a variety of nutrients, including lean protein, fruits, vegetables, and whole grains, are crucial. I strive to achieve this by planning meals in advance and incorporating a wide range of colorful and fresh ingredients.;60 or older;I live with a partner;High school diploma;I buy groceries and cook most of the time;"Mozilla/5.0 (Macintosh; Intel Mac OS X 10_15_7) AppleWebKit/537.36 (KHTML, like Gecko) Chrome/137.0.0.0 Safari/537.36";24.134.96.217;24.134.96.217;5;1;0;;0;,1,2,3,4,5,6,7,8,9,10,11,12,13;2___60a4928291a0248d247549f45c308e4f_OVPRAXC;53;59;24;-999;0
84;84;24.06.2025 14:44;24.06.2025 14:51;429;en;vollständige Befragung;;13;1–2× per week;3–5× per week;1–2× per week;3–5× per week;Daily;Daily;3–5× per week;1–2× per week;Daily;1–2× per week;Agree;Agree;Agree;Agree;Disagree;Strongly agree;Strongly disagree;Strongly agree;Disagree;Strongly disagree;Always;Rarely;Never;Never;Sometimes;Often;Always;Always;Often;Never;Omnivore – I eat all kinds of food, including meat, fish, and plant-based items;;;Bacon or sausage;;;Plant-based meat substitutes (e.g., tofu, tempeh);;;;Health and nutrition;Taste and enjoyment;Convenience and speed;Price and budget;Animal welfare;Environmental concerns;Religious or ethical beliefs;;Got to look aftre health... that's improtant. But also, uh, love tasty food. Fast, cheap too. Yeah, and care 'bout animals environment also... doin my bit;Uh, carrots and peas with tofu sausage... yeah n a jacket poatto. Sometimes I add cheese on that. Qiuck n easy, good n healthy maybe.;balance of veg n protein... not too much fat or sugar... I use fres ingredients... try to cook myself, yeah.;45–59;I live with children;University or college degree;I buy groceries and cook most of the time;"Mozilla/5.0 (Macintosh; Intel Mac OS X 10_15_7) AppleWebKit/537.36 (KHTML, like Gecko) Chrome/137.0.0.0 Safari/537.36";24.134.96.217;24.134.96.217;5;1;0;;0;,1,2,3,4,5,6,7,8,9,10,11,12,13;2___7fbd75c17085e6a54ac87c692fafd951_OVPRAXC;88;94;100;-999;24.06.2025 14:51
85;85;24.06.2025 14:48;24.06.2025 14:50;172;de;Screenout ReDem® Quality Check;;13;Several times per day;Daily;Several times per day;Several times per day;Several times per day;Daily;Several times per day;Daily;Several times per day;Daily;Agree;Strongly agree;Strongly agree;Agree;Agree;Strongly agree;Agree;Strongly agree;Strongly agree;Agree;Always;Always;Always;Always;Always;Always;Always;Always;Always;Always;Vegetarian – I don’t eat meat or fish, but I do eat dairy or eggs;Chicken;Cheese;Bacon or sausage;Eggs;Fish or seafood;Plant-based meat substitutes (e.g., tofu, tempeh);Milk or dairy products;Fruits;Leafy vegetables (e.g., spinach, kale);Health and nutrition;Taste and enjoyment;Convenience and speed;Price and budget;Animal welfare;Environmental concerns;Religious or ethical beliefs;Habit or tradition;hjhjgwerhi;fegfweg;Salad no salt no sugar;25–34;I live with children;Vocational training;I share cooking and shopping with others;"Mozilla/5.0 (Windows NT 10.0; Win64; x64) AppleWebKit/537.36 (KHTML, like Gecko) Chrome/137.0.0.0 Safari/537.36";1,93154E+11;1,93154E+11;5;1;0;;0;,1,2,3,4,5,6,7,8,9,10,11,12,13;2___3224aeaa119dcc2572e623363287d7a0_OVPRAXC;48;61;24;-999;24.06.2025 14:51
86;86;24.06.2025 19:46;25.06.2025 08:23;43429;en;Teilbefragung;;4;1–2× per week;1–2× per week;1–2× per week;3–5× per week;3–5× per week;Daily;3–5× per week;Daily;Never;Several times per day;Agree;Agree;Agree;Strongly agree;Strongly agree;Agree;Strongly disagree;Strongly agree;Agree;Agree;Always;Always;Never;Always;Never;Rarely;Rarely;Never;Rarely;Never;Omnivore – I eat all kinds of food, including meat, fish, and plant-based items;;;;;;;;;;;;;;;;;;;;;;;;;"Mozilla/5.0 (Macintosh; Intel Mac OS X 10_15_7) AppleWebKit/537.36 (KHTML, like Gecko) Chrome/137.0.0.0 Safari/537.36";24.134.96.217;;5;1;0;;0;,1,2,3;2___b80790a5c3af1bdee39ab81170334158_OVPRAXC;;;;;0
87;87;25.06.2025 08:23;25.06.2025 08:30;420;en;Teilbefragung;;4;Never;Never;1–2× per week;Daily;Several times per day;Daily;Several times per day;3–5× per week;Never;Never;Disagree;Agree;Agree;Strongly agree;Disagree;Strongly agree;Strongly agree;Strongly agree;Disagree;Disagree;Always;Rarely;Sometimes;Sometimes;Sometimes;Always;Sometimes;Sometimes;Sometimes;Rarely;;;;;;;;;;;;;;;;;;;;;;;;;;"Mozilla/5.0 (Macintosh; Intel Mac OS X 10_15_7) AppleWebKit/537.36 (KHTML, like Gecko) Chrome/137.0.0.0 Safari/537.36";24.134.96.217;;5;1;0;;0;,1,2,3;2___3e2b6263d68b35074aa520e5bb3a6b8e_OVPRAXC;;;;;0
88;88;25.06.2025 08:33;25.06.2025 08:33;;de;Aufruf Fragebogen;;1;;;;;;;;;;;;;;;;;;;;;;;;;;;;;;;;;;;;;;;;;;;;;;;;;;;;;;;;"Mozilla/5.0 (Macintosh; Intel Mac OS X 10_15_7) AppleWebKit/537.36 (KHTML, like Gecko) Chrome/137.0.0.0 Safari/537.36";24.134.96.217;;5;1;0;;0;;2___67ef29dbbc25baef9fb69df3f5b5a6c6_OVPRAXC;;;;;0
89;89;25.06.2025 09:20;25.06.2025 09:20;14;en;Teilbefragung;;2;1–2× per week;1–2× per week;1–2× per week;3–5× per week;Daily;Daily;3–5× per week;Rarely;Rarely;Rarely;;;;;;;;;;;;;;;;;;;;;;;;;;;;;;;;;;;;;;;;;;;;;;"Mozilla/5.0 (Macintosh; Intel Mac OS X 10_15_7) AppleWebKit/537.36 (KHTML, like Gecko) Chrome/137.0.0.0 Safari/537.36";24.134.96.217;;5;1;0;;0;0,1;2___95022cfd02ef559f65706892223a3c5c_OVPRAXC;;;;;0
90;90;25.06.2025 09:52;25.06.2025 09:59;441;de;vollständige Befragung;;13;Rarely;1–2× per week;Rarely;1–2× per week;Daily;Daily;3–5× per week;1–2× per week;Rarely;Rarely;Strongly disagree;Agree;Agree;Disagree;Neutral;Agree;Strongly agree;Disagree;Disagree;Neutral;Always;Sometimes;Sometimes;Sometimes;Sometimes;Often;Sometimes;Sometimes;Often;Rarely;Vegetarian – I don’t eat meat or fish, but I do eat dairy or eggs;;Cheese;;Eggs;;Plant-based meat substitutes (e.g., tofu, tempeh);Milk or dairy products;Fruits;Leafy vegetables (e.g., spinach, kale);Health and nutrition;Taste and enjoyment;;Price and budget;;Environmental concerns;;;Been a veggie for donkey's years now! ???? Better for my health and good for the environment too. Plu,s I like the taste, not missing meat at all ???? Being conscious with my spending too, helps with the budget ???? Can't argue with feeling good and saving the planet simultaneously, can we? ????????;Sure thing! ???? A normal dinner might be a nice big salad: mixed greens, tomatoes????, cucumbers????, maybe some kidney beans and a hard-boiled egg????. Then a bit of cheese???? on top with balsamic vinaigrette. Sometimes I'll have a side of garlic bread???? and finish off with a fruit like an apple????. Simple, but yummy! ????????????;A healthy meal for me? Well, it's one that's balanced - a good mix of protein, carbs and a heap load of veggies ????. I also try to keep my portions under control ?????. I'm not about denying myself though. If I fancy a treat, I'll have a treat – just not everyday!;60 or older;I live with a partner;University or college degree;I buy groceries and cook most of the time;"Mozilla/5.0 (Macintosh; Intel Mac OS X 10_15_7) AppleWebKit/537.36 (KHTML, like Gecko) Chrome/137.0.0.0 Safari/537.36";24.134.96.217;24.134.96.217;5;1;0;;0;,1,2,3,4,5,6,7,8,9,10,11,12,13;2___afcb810891a934d1323375aad1fd4821_OVPRAXC;98;91;100;-999;25.06.2025 09:59
91;91;25.06.2025 10:29;25.06.2025 10:31;118;en;Screenout ReDem® Quality Check;;13;Never;Rarely;1–2× per week;3–5× per week;Daily;Several times per day;Daily;1–2× per week;Rarely;Never;Strongly disagree;Disagree;Disagree;Strongly disagree;Strongly disagree;Disagree;Disagree;Strongly disagree;Disagree;Disagree;Never;Rarely;Sometimes;Often;Always;Often;Sometimes;Rarely;Never;Rarely;Vegan – I avoid all animal products (no meat, dairy, eggs, etc.);Chicken;Cheese;Bacon or sausage;Eggs;Fish or seafood;Plant-based meat substitutes (e.g., tofu, tempeh);Milk or dairy products;Fruits;Leafy vegetables (e.g., spinach, kale);Health and nutrition;Taste and enjoyment;Convenience and speed;Price and budget;Animal welfare;Environmental concerns;Religious or ethical beliefs;Habit or tradition;the reasons for your current eating habits.;I don't know;A healthy meal is one that provides your body with essential nutrients while supporting overall well-being, energy levels, and disease prevention.;25–34;I live with a partner;Secondary school;I share cooking and shopping with others;"Mozilla/5.0 (Windows NT 10.0; Win64; x64) AppleWebKit/537.36 (KHTML, like Gecko) Chrome/137.0.0.0 Safari/537.36";80.121.50.193;80.121.50.193;5;1;0;;0;,1,2,3,4,5,6,7,8,9,10,11,12,13;2___b963f5d716277a90f90c7e1c937e6bd8_OVPRAXC;50;62;47;-999;25.06.2025 10:32
92;92;25.06.2025 12:00;25.06.2025 12:06;371;en;Teilbefragung;;9;Rarely;Daily;1–2× per week;Daily;Daily;Daily;Daily;Rarely;Rarely;Rarely;Strongly disagree;Strongly agree;Agree;Disagree;Disagree;Agree;Strongly agree;Disagree;Disagree;Disagree;Always;Rarely;Sometimes;Sometimes;Sometimes;Often;Sometimes;Sometimes;Often;Rarely;Omnivore – I eat all kinds of food, including meat, fish, and plant-based items;;;;Eggs;Fish or seafood;Plant-based meat substitutes (e.g., tofu, tempeh);;Fruits;Leafy vegetables (e.g., spinach, kale);Health and nutrition;Taste and enjoyment;;Price and budget;;;;;Been at this eating game for a while, you know. Its' all about balance for me – need me grub but also keen on health. Loev the taste of food and aint' too fussy. Try to eat organic when I can, keep the chemicals down. Being on a budget also helps control the indulgences. Yoga and running daily keeps me in check too. It's worked for me all these years, so why change, eh?;Sure can. Morning starts with oatmeal, topped with fresh fruits and a bit of honey - gets me going. Lunch could be a tuna sandwich, maybe with a side of salad, light and healthy. Dinner, chicken or fish with steamed veggies and some brown rice on the side. If I've been fishing, might get lucky with soem fresh catch for dinner! And there's always a cup of green tea before bed.;;;;;;"Mozilla/5.0 (Macintosh; Intel Mac OS X 10_15_7) AppleWebKit/537.36 (KHTML, like Gecko) Chrome/137.0.0.0 Safari/537.36";24.134.96.217;;5;1;0;;0;,1,2,3,4,5,6,7,8;2___64025e14b85b034198b3a7dec915d5fa_OVPRAXC;;;;;0
93;93;26.06.2025 08:49;26.06.2025 08:51;78;de;Screenout ReDem® Quality Check;;13;Never;Rarely;1–2× per week;3–5× per week;1–2× per week;Rarely;Never;Rarely;1–2× per week;3–5× per week;Strongly disagree;Strongly disagree;Disagree;Disagree;Neutral;Neutral;Agree;Agree;Strongly agree;Strongly agree;Never;Never;Never;Never;Never;Never;Never;Never;Never;Never;Vegan – I avoid all animal products (no meat, dairy, eggs, etc.);Chicken;Cheese;;;;;;;;Health and nutrition;Taste and enjoyment;;;;;;;Test typing is this;Can you describe a typical meal that represents your usual eating behavior?;What does a ‘healthy meal’ mean to you personally, and how do you try to achieve it?;45–59;I live alone;Vocational training;I share cooking and shopping with others;"Mozilla/5.0 (Macintosh; Intel Mac OS X 10_15_7) AppleWebKit/537.36 (KHTML, like Gecko) Chrome/137.0.0.0 Safari/537.36";80243160164;80243160164;5;1;0;;0;,1,2,3,4,5,6,7,8,9,10,11,12,13;2___93ba6bdd7377cf3e45c97d85935c43b3_OVPRAXC;26;34;0;-999;26.06.2025 08:51
94;94;26.06.2025 08:54;26.06.2025 08:54;;de;Aufruf Fragebogen;;1;;;;;;;;;;;;;;;;;;;;;;;;;;;;;;;;;;;;;;;;;;;;;;;;;;;;;;;;"Mozilla/5.0 (Macintosh; Intel Mac OS X 10_15_7) AppleWebKit/537.36 (KHTML, like Gecko) Chrome/137.0.0.0 Safari/537.36";80243160164;;5;1;0;;0;;2___87e676f6e1b590e6f2ee3b06a6cdcc98_OVPRAXC;;;;;0
95;95;26.06.2025 09:11;26.06.2025 09:11;;en;Aufruf Fragebogen;;1;;;;;;;;;;;;;;;;;;;;;;;;;;;;;;;;;;;;;;;;;;;;;;;;;;;;;;;;"Mozilla/5.0 (Macintosh; Intel Mac OS X 10_15_7) AppleWebKit/537.36 (KHTML, like Gecko) Chrome/137.0.0.0 Safari/537.36";80243160164;;5;1;0;;0;;2___9c89c6e493a97146efa0ce2cdfb24c52_OVPRAXC;;;;;0
96;96;26.06.2025 14:06;26.06.2025 14:11;295;de;vollständige Befragung;;13;3–5× per week;Several times per day;Never;Rarely;Never;3–5× per week;3–5× per week;Rarely;Rarely;3–5× per week;Strongly agree;Strongly agree;Neutral;Strongly agree;Agree;Strongly disagree;Disagree;Neutral;Neutral;Strongly agree;Sometimes;Sometimes;Never;Sometimes;Sometimes;Often;Sometimes;Always;Rarely;Rarely;Other;Chicken;;Bacon or sausage;Eggs;;;;;;Health and nutrition;;Convenience and speed;;Animal welfare;;;;It's possible, but I'm unsure.;I'm not sure how to answer that.;That's open to interpretation.;35–44;I live in a shared flat or community;other;I buy groceries and cook most of the time;"Mozilla/5.0 (Macintosh; Intel Mac OS X 10_15_7) AppleWebKit/537.36 (KHTML, like Gecko) Chrome/137.0.0.0 Safari/537.36";24.134.96.217;24.134.96.217;5;1;0;;0;,1,2,3,4,5,6,7,8,9,10,11,12,13;2___cdaf5bea110aa9109d5b29c5cca83c6a_OVPRAXC;75;92;60;-999;26.06.2025 14:11
97;97;26.06.2025 14:16;26.06.2025 14:23;431;en;vollständige Befragung;;13;1–2× per week;Daily;1–2× per week;Daily;Daily;Daily;Daily;1–2× per week;Rarely;Rarely;Disagree;Agree;Agree;Disagree;Disagree;Agree;Strongly agree;Disagree;Disagree;Disagree;Always;Rarely;Sometimes;Sometimes;Sometimes;Often;Sometimes;Sometimes;Often;Rarely;Omnivore – I eat all kinds of food, including meat, fish, and plant-based items;Chicken;;;Eggs;Fish or seafood;;;Fruits;Leafy vegetables (e.g., spinach, kale);Health and nutrition;Taste and enjoyment;;;;Environmental concerns;;;Always conscious of health and environment mate.???? Plus, good food means better mood and energy, righ?t ???????? Eating a balanced diet while thinking about Mother Nature! ???????? Very important to look after ourselves and our planet!!????????????????????;Typical breakie would be something like a veggie omelette, add some rye toast and a good cuppa joe ????????? Dinner might be girlled salmon, soem quinoa, nice big salad, all organic of course! ????????????????;Healthy meal for me? Balanced plate, you know. Bit of protein, lots of veggies, good grains, light on the processed stuff. Try to use fresh, organic when I can, keep the planet and me both happy ????????. Pref cooking at home, gives me control on the ingredients n all that????????????;45–59;I live in a shared flat or community;University or college degree;I buy groceries and cook most of the time;"Mozilla/5.0 (Macintosh; Intel Mac OS X 10_15_7) AppleWebKit/537.36 (KHTML, like Gecko) Chrome/137.0.0.0 Safari/537.36";24.134.96.217;24.134.96.217;5;1;0;;0;,1,2,3,4,5,6,7,8,9,10,11,12,13;2___842f1a4719a5a7f41892ee8a767e89d2_OVPRAXC;97;88;100;-999;26.06.2025 14:23
98;98;26.06.2025 14:25;26.06.2025 14:26;36;en;Teilbefragung;;2;Rarely;3–5× per week;1–2× per week;Daily;3–5× per week;Daily;3–5× per week;Rarely;Rarely;3–5× per week;;;;;;;;;;;;;;;;;;;;;;;;;;;;;;;;;;;;;;;;;;;;;;"Mozilla/5.0 (Macintosh; Intel Mac OS X 10_15_7) AppleWebKit/537.36 (KHTML, like Gecko) Chrome/137.0.0.0 Safari/537.36";24.134.96.217;;5;1;0;;0;0,1;2___96a9412f80e0f9dc6874fcd02d113b4d_OVPRAXC;;;;;0
99;99;26.06.2025 14:26;26.06.2025 14:36;577;de;Screenout ReDem® Quality Check;;13;Daily;Never;Never;3–5× per week;Several times per day;Daily;Several times per day;Rarely;Daily;3–5× per week;Strongly agree;Agree;Strongly agree;Neutral;Strongly agree;Strongly agree;Disagree;Disagree;Agree;Disagree;Rarely;Always;Rarely;Never;Often;Never;Often;Always;Rarely;Often;Omnivore – I eat all kinds of food, including meat, fish, and plant-based items;;Cheese;Bacon or sausage;Eggs;Fish or seafood;Plant-based meat substitutes (e.g., tofu, tempeh);Milk or dairy products;;Leafy vegetables (e.g., spinach, kale);Health and nutrition;Taste and enjoyment;Convenience and speed;;Animal welfare;Environmental concerns;;Habit or tradition;t vero eos et accusam et justo duo dolores et ea rebum.Stet clita kasd gubergren, no sea t;a rebum.Stet clita kasd gubergren, no sea takimata s;ipsum dolor sit amet. Lorem ipsum dolor sit amet, consetetur sadipscing elitr, sed diam nonumy e;Under 18;I live alone;High school diploma;I mostly eat out or order take-away food;"Mozilla/5.0 (Macintosh; Intel Mac OS X 10_15_7) AppleWebKit/537.36 (KHTML, like Gecko) Chrome/137.0.0.0 Safari/537.36";24.134.96.217;24.134.96.217;5;1;0;;0;,1,2,3,4,5,6,7,8,9,10,11,12,13;2___ba193f62ed18b9977dbb0d444a974947_OVPRAXC;36;97;0;-999;0
100;100;27.06.2025 10:54;27.06.2025 10:56;131;en;Screenout ReDem® Quality Check;;13;Never;Rarely;1–2× per week;3–5× per week;3–5× per week;3–5× per week;Daily;Daily;Daily;Daily;Strongly disagree;Disagree;Disagree;Neutral;Neutral;Agree;Agree;Strongly agree;Strongly agree;Strongly agree;Never;Rarely;Sometimes;Often;Often;Sometimes;Rarely;Never;Rarely;Sometimes;Vegan – I avoid all animal products (no meat, dairy, eggs, etc.);Chicken;;;;;;;;;Health and nutrition;Taste and enjoyment;Convenience and speed;Price and budget;Animal welfare;Environmental concerns;Religious or ethical beliefs;Habit or tradition;Because I enjoy food very much and I want to stay healthy.;Potatoes;I don’t know;35–44;I live with children;Vocational training;I mostly eat out or order take-away food;"Mozilla/5.0 (Windows NT 10.0; Win64; x64) AppleWebKit/537.36 (KHTML, like Gecko) Chrome/137.0.0.0 Safari/537.36";1,93154E+11;1,93154E+11;5;1;0;;0;,1,2,3,4,5,6,7,8,9,10,11,12,13;2___6db06bdfbe340ce7e80fdc3ee6336d00_OVPRAXC;60;62;74;-999;27.06.2025 10:56
103;103;27.06.2025 11:47;27.06.2025 11:48;30;de;Teilbefragung;;2;Never;Rarely;1–2× per week;3–5× per week;Daily;Several times per day;1–2× per week;Rarely;Never;Never;;;;;;;;;;;;;;;;;;;;;;;;;;;;;;;;;;;;;;;;;;;;;;"Mozilla/5.0 (Windows NT 10.0; Win64; x64) AppleWebKit/537.36 (KHTML, like Gecko) Chrome/137.0.0.0 Safari/537.36";1,93154E+11;;5;1;0;;0;0,1;2___1df057afd3c3c809f8de1c4720dd2914_OVPRAXC;;;;;0
104;104;27.06.2025 11:49;27.06.2025 12:03;810;en;vollständige Befragung;;13;Rarely;Daily;1–2× per week;Daily;Daily;Daily;Daily;Rarely;Rarely;Rarely;Disagree;Agree;Agree;Disagree;Disagree;Agree;Agree;Disagree;Disagree;Disagree;Always;Rarely;Sometimes;Sometimes;Sometimes;Often;Sometimes;Sometimes;Often;Sometimes;Omnivore – I eat all kinds of food, including meat, fish, and plant-based items;;;;Eggs;Fish or seafood;Plant-based meat substitutes (e.g., tofu, tempeh);;Fruits;Leafy vegetables (e.g., spinach, kale);Health and nutrition;Taste and enjoyment;;;Animal welfare;;;;Always tried to eat healthy, so I'm cosncious buot waht goes in my body. Plus, pleasure of eating good flavours isn't to be underestimated. And aye, gotta think bout the animals, right? Don't want to harm them if I don’t have to.;Grilled salmon with a side of quinoa and steamed veg. Lovely stuff. Bit of lemon on top, and it’s all organic, very good.;To me, healthy’s all about balance. Bit of protein (mostyl fish for me), plenty of veggies, tehn roundin it off with some good carbs like brown rice or sth. Cook most of my meals from scratch usin organic ingredients whenever possible, that's how I keep it healthy and balanced.;60 or older;I live with a partner;University or college degree;I buy groceries and cook most of the time;"Mozilla/5.0 (Macintosh; Intel Mac OS X 10_15_7) AppleWebKit/537.36 (KHTML, like Gecko) Chrome/137.0.0.0 Safari/537.36";24.134.96.217;24.134.96.217;5;1;0;;0;,1,2,3,4,5,6,7,8,9,10,11,12,13;2___b8f42711a7cb140a80f986729e61f043_OVPRAXC;97;86;100;-999;27.06.2025 12:03
105;105;27.06.2025 12:21;27.06.2025 12:26;309;en;vollständige Befragung;;13;3–5× per week;3–5× per week;1–2× per week;3–5× per week;3–5× per week;Daily;3–5× per week;Rarely;3–5× per week;3–5× per week;Disagree;Agree;Agree;Disagree;Disagree;Agree;Agree;Disagree;Disagree;Disagree;Always;Rarely;Sometimes;Sometimes;Sometimes;Often;Sometimes;Sometimes;Often;Sometimes;Omnivore – I eat all kinds of food, including meat, fish, and plant-based items;Chicken;Cheese;;Eggs;Fish or seafood;;Milk or dairy products;Fruits;Leafy vegetables (e.g., spinach, kale);Health and nutrition;Taste and enjoyment;Convenience and speed;Price and budget;;;;;Mainly because of health reasons, but also because of convenience and budget. I try to eat a balanced diet.;Usually have a chicken slaad for lunch, maybe a cheese sandwich. Grab some fast food on busy days.;A healthy mela to me is balanced, lots of vegetables, lean protein. Try to limit processed food intake.;45–59;I live alone;University or college degree;I buy groceries and cook most of the time;"Mozilla/5.0 (Macintosh; Intel Mac OS X 10_15_7) AppleWebKit/537.36 (KHTML, like Gecko) Chrome/137.0.0.0 Safari/537.36";24.134.96.217;24.134.96.217;5;1;0;;0;,1,2,3,4,5,6,7,8,9,10,11,12,13;2___eeb00b5f2029825d0b37facdc9f1873e_OVPRAXC;83;88;67;-999;27.06.2025 12:26
109;109;27.06.2025 14:06;27.06.2025 14:08;123;de;Redem® Prüfung Complete;;13;Never;Rarely;1–2× per week;Rarely;3–5× per week;Daily;1–2× per week;3–5× per week;Daily;1–2× per week;Strongly disagree;Disagree;Neutral;Disagree;Neutral;Agree;Strongly agree;Neutral;Disagree;Strongly disagree;Never;Rarely;Sometimes;Rarely;Sometimes;Often;Always;Sometimes;Rarely;Never;Vegan – I avoid all animal products (no meat, dairy, eggs, etc.);Chicken;Cheese;Bacon or sausage;Eggs;Fish or seafood;Plant-based meat substitutes (e.g., tofu, tempeh);Milk or dairy products;Fruits;Leafy vegetables (e.g., spinach, kale);Health and nutrition;Taste and enjoyment;Convenience and speed;Price and budget;Animal welfare;Environmental concerns;Religious or ethical beliefs;Habit or tradition;I pay attention to only eat little salt.;Potatoes and salad;Little salt and little fat;25–34;I live with parents or other family members;High school diploma;Someone else does most of the shopping/cooking;"Mozilla/5.0 (Windows NT 10.0; Win64; x64) AppleWebKit/537.36 (KHTML, like Gecko) Chrome/137.0.0.0 Safari/537.36";1,93154E+11;1,93154E+11;5;1;0;;0;,1,2,3,4,5,6,7,8,9,10,11,12,13;2___0ab736c2a6f62fbb1799e3b870df08e8_OVPRAXC;;;;;0
110;110;27.06.2025 14:09;27.06.2025 14:10;103;en;Screenout ReDem® Quality Check;;13;Never;Rarely;1–2× per week;3–5× per week;Daily;Several times per day;Daily;1–2× per week;Rarely;Never;Disagree;Disagree;Disagree;Strongly disagree;Strongly disagree;Strongly disagree;Disagree;Disagree;Disagree;Strongly disagree;Rarely;Never;Rarely;Never;Rarely;Rarely;Rarely;Never;Rarely;Never;Vegan – I avoid all animal products (no meat, dairy, eggs, etc.);Chicken;Cheese;Bacon or sausage;Eggs;Fish or seafood;Plant-based meat substitutes (e.g., tofu, tempeh);Milk or dairy products;Fruits;Leafy vegetables (e.g., spinach, kale);Health and nutrition;Taste and enjoyment;Convenience and speed;Price and budget;Animal welfare;Environmental concerns;Religious or ethical beliefs;Habit or tradition;It is important to eat salad;salad and bananas;Low fat and carb;25–34;I live with parents or other family members;Secondary school;I share cooking and shopping with others;"Mozilla/5.0 (Windows NT 10.0; Win64; x64) AppleWebKit/537.36 (KHTML, like Gecko) Chrome/137.0.0.0 Safari/537.36";1,93154E+11;1,93154E+11;5;1;0;;0;,1,2,3,4,5,6,7,8,9,10,11,12,13;2___fef579cc7c4a2d93933511fafa168a34_OVPRAXC;50;91;74;-999;27.06.2025 14:10
111;111;27.06.2025 16:55;27.06.2025 16:56;59;de;Screenout ReDem® Quality Check;;13;Never;Never;Rarely;Rarely;Rarely;1–2× per week;1–2× per week;3–5× per week;3–5× per week;3–5× per week;Strongly disagree;Strongly disagree;Strongly disagree;Disagree;Disagree;Disagree;Disagree;Disagree;Neutral;Neutral;Rarely;Rarely;Rarely;Sometimes;Never;Sometimes;Sometimes;Often;Often;Often;Flexitarian – I mostly avoid meat but eat it occasionally;Chicken;Cheese;Bacon or sausage;;;;;;;Health and nutrition;Taste and enjoyment;Convenience and speed;;;;;;test;test2;gstgs;25–34;I live with parents or other family members;High school diploma;I mostly eat out or order take-away food;"Mozilla/5.0 (Macintosh; Intel Mac OS X 10_15_7) AppleWebKit/537.36 (KHTML, like Gecko) Chrome/137.0.0.0 Safari/537.36";90146131192;90146131192;5;1;0;;0;,1,2,3,4,5,6,7,8,9,10,11,12,13;2___dbb98207a1f7423a1a64c09109257999_OVPRAXC;47;74;4;33;27.06.2025 16:56
112;112;27.06.2025 16:58;27.06.2025 16:59;18;en;Teilbefragung;;5;1–2× per week;1–2× per week;1–2× per week;1–2× per week;3–5× per week;1–2× per week;1–2× per week;3–5× per week;3–5× per week;3–5× per week;Strongly disagree;Strongly disagree;Strongly disagree;Strongly disagree;Strongly disagree;Strongly disagree;Strongly disagree;Disagree;Disagree;Disagree;Never;Never;Rarely;Never;Rarely;Rarely;Rarely;Rarely;Rarely;Rarely;Vegan – I avoid all animal products (no meat, dairy, eggs, etc.);;;;;;;;;;;;;;;;;;;;;;;;;"Mozilla/5.0 (Macintosh; Intel Mac OS X 10_15_7) AppleWebKit/537.36 (KHTML, like Gecko) Chrome/137.0.0.0 Safari/537.36";90146131192;;5;1;0;;0;,1,2,3,4;2___f0609fa28490bd6484b5858b760c358a_OVPRAXC;;;;;0
121;121;03.07.2025 21:52;03.07.2025 21:53;36;en;Screenout ReDem® Quality Check;;13;Daily;Rarely;Never;1–2× per week;3–5× per week;Rarely;1–2× per week;3–5× per week;Rarely;3–5× per week;Strongly agree;Strongly disagree;Disagree;Neutral;Agree;Disagree;Strongly agree;Neutral;Strongly agree;Disagree;Sometimes;Often;Always;Sometimes;Often;Never;Often;Always;Rarely;Often;Omnivore – I eat all kinds of food, including meat, fish, and plant-based items;Chicken;Cheese;Bacon or sausage;Eggs;Fish or seafood;Plant-based meat substitutes (e.g., tofu, tempeh);Milk or dairy products;Fruits;Leafy vegetables (e.g., spinach, kale);Health and nutrition;;Convenience and speed;;Animal welfare;Environmental concerns;Religious or ethical beliefs;;ptua.At vero eos et accusam et justo duo dolores et ea rebum. Stet clita kasd gubergren, no sea t;ur sadipscing elitr,  sed diam nonumy eirmod tempor invidunt ut labore et dolore magna aliquyam era;asd gubergren, no sea takimata sanctus est Lorem ipsum dolor sit amet. Lorem ipsum d;60 or older;I live with children;Secondary school;I mostly eat out or order take-away food;"Mozilla/5.0 (Macintosh; Intel Mac OS X 10_15_7) AppleWebKit/537.36 (KHTML, like Gecko) Chrome/138.0.0.0 Safari/537.36";24.134.96.217;24.134.96.217;5;1;0;;0;,1,2,3,4,5,6,7,8,9,10,11,12,13;2___7fb54b054a8411fce6f5511948fc8359_OVPRAXC;27;100;0;16;03.07.2025 21:53
25;25;12.06.2025 17:15;12.06.2025 17:17;148;de;Redem® Prüfung Complete;;13;Never;Rarely;1–2× per week;1–2× per week;3–5× per week;Rarely;3–5× per week;3–5× per week;1–2× per week;Rarely;Strongly disagree;Disagree;Neutral;Strongly disagree;Agree;Agree;Strongly agree;Strongly agree;Neutral;Disagree;Never;Rarely;Rarely;Sometimes;Often;Rarely;Sometimes;Never;Sometimes;Sometimes;Flexitarian – I mostly avoid meat but eat it occasionally;;Cheese;;;Fish or seafood;;;Fruits;;;;Convenience and speed;;;Environmental concerns;;;I want to be healthy;A typical meal for me includes grilled chicken or tofu with brown rice and a large serving of steamed vegetables like broccoli and zucchini. I usually prepare my meals at home using fresh ingredients and drink water or unsweetened tea with them.;A healthy meal to me means a balanced combination of whole foods that nourish the body—lean proteins, plenty of vegetables, whole grains, and minimal processed ingredients.;35–44;I live with parents or other family members;Vocational training;I share cooking and shopping with others;"Mozilla/5.0 (Windows NT 10.0; Win64; x64) AppleWebKit/537.36 (KHTML, like Gecko) Chrome/137.0.0.0 Safari/537.36";194.166.93.145;194.166.93.145;5;2;0;;0;,1,2,3,4,5,6,7,8,9,10,11,12,13;2___4b270ed63e935f6c2cebab1421d68b13_EXLSKZCZ;;;;;0
26;26;12.06.2025 17:21;12.06.2025 17:23;118;en;Redem® Prüfung Complete;;13;Never;Rarely;Rarely;Rarely;1–2× per week;3–5× per week;3–5× per week;1–2× per week;Rarely;Rarely;Strongly disagree;Disagree;Neutral;Disagree;Disagree;Neutral;Strongly agree;Neutral;Disagree;Strongly disagree;Never;Rarely;Never;Sometimes;Often;Often;Sometimes;Rarely;Sometimes;Rarely;Flexitarian – I mostly avoid meat but eat it occasionally;;Cheese;Bacon or sausage;;;Plant-based meat substitutes (e.g., tofu, tempeh);;Fruits;;;Taste and enjoyment;;Price and budget;;Environmental concerns;;;A healthy meal to me means a balanced combination of whole foods that nourish the body—lean proteins, plenty of vegetables, whole grains, and minimal processed ingredients.;I try to achieve this by cooking most meals myself, focusing on fresh produce and avoiding added sugars or artificial additives.;lean proteins, plenty of vegetables, whole grains, and minimal processed ingredients.;25–34;I live with parents or other family members;Secondary school;I share cooking and shopping with others;"Mozilla/5.0 (Windows NT 10.0; Win64; x64) AppleWebKit/537.36 (KHTML, like Gecko) Chrome/137.0.0.0 Safari/537.36";194.166.93.145;194.166.93.145;5;2;0;;0;,1,2,3,4,5,6,7,8,9,10,11,12,13;2___2ce833e0b347217ddfec98d3e54fcc1b_EXLSKZCZ;;;;;0
31;31;13.06.2025 09:06;13.06.2025 09:07;62;de;Screenout ReDem® Quality Check;;13;Daily;1–2× per week;1–2× per week;3–5× per week;1–2× per week;1–2× per week;3–5× per week;3–5× per week;3–5× per week;1–2× per week;Neutral;Strongly disagree;Disagree;Disagree;Strongly disagree;Neutral;Disagree;Strongly disagree;Disagree;Neutral;Sometimes;Rarely;Sometimes;Sometimes;Rarely;Never;Sometimes;Sometimes;Rarely;Rarely;Vegan – I avoid all animal products (no meat, dairy, eggs, etc.);;Cheese;;Eggs;Fish or seafood;;;;;;Taste and enjoyment;;;;Environmental concerns;;;much sports to do;full meal with meat;fruits milk;45–59;I live with parents or other family members;High school diploma;I buy groceries and cook most of the time;"Mozilla/5.0 (Windows NT 10.0; Win64; x64) AppleWebKit/537.36 (KHTML, like Gecko) Chrome/137.0.0.0 Safari/537.36";217.91.17.29;217.91.17.29;5;2;0;;0;,1,2,3,4,5,6,7,8,9,10,11,12,13;2___34b625a2b45895801740e78feb2ecaef_EXLSKZCZ;71;91;70;-999;13.06.2025 09:07
32;32;13.06.2025 12:05;13.06.2025 12:07;122;en;Redem® Prüfung Complete;;13;Never;Rarely;3–5× per week;3–5× per week;Daily;1–2× per week;1–2× per week;3–5× per week;1–2× per week;Never;Disagree;Agree;Agree;Strongly agree;Neutral;Agree;Disagree;Disagree;Agree;Disagree;Never;Sometimes;Rarely;Sometimes;Often;Often;Always;Rarely;Often;Sometimes;Flexitarian – I mostly avoid meat but eat it occasionally;;;Bacon or sausage;;Fish or seafood;;Milk or dairy products;;;Health and nutrition;;;Price and budget;;Environmental concerns;;;Some people use food to regulate their mood—reaching for comfort foods when stressed or avoiding meals during anxiety.;Childhood routines (like always finishing your plate) or daily structures (like eating lunch at noon) shape current behavior.;You might eat mindfully, savoring each bite—or you might eat distractedly while working or watching TV, which influences both what and how much you eat.;35–44;I live with children;Vocational training;Someone else does most of the shopping/cooking;"Mozilla/5.0 (Windows NT 10.0; Win64; x64) AppleWebKit/537.36 (KHTML, like Gecko) Chrome/137.0.0.0 Safari/537.36";194.166.95.101;194.166.95.101;5;2;0;;0;,1,2,3,4,5,6,7,8,9,10,11,12,13;2___3fafde63b0c2de9889e41aa1a23f943e_EXLSKZCZ;;;;;0
33;33;16.06.2025 14:57;16.06.2025 14:57;;en;Aufruf Fragebogen;;1;;;;;;;;;;;;;;;;;;;;;;;;;;;;;;;;;;;;;;;;;;;;;;;;;;;;;;;;"Mozilla/5.0 (Windows NT 10.0; Win64; x64) AppleWebKit/537.36 (KHTML, like Gecko) Chrome/137.0.0.0 Safari/537.36";1,93154E+11;;5;2;0;;0;;2___c376e7b96aeef52091f9418410d81128_EXLSKZCZ;;;;;0
34;34;16.06.2025 14:59;16.06.2025 15:12;795;en;Screenout ReDem® Quality Check;;13;Never;Never;Never;Never;Never;Several times per day;Several times per day;Several times per day;Rarely;Rarely;Strongly disagree;Agree;Strongly agree;Disagree;Agree;Agree;Strongly agree;Strongly disagree;Disagree;Disagree;Always;Rarely;Sometimes;Often;Rarely;Often;Always;Often;Rarely;Sometimes;Vegan – I avoid all animal products (no meat, dairy, eggs, etc.);;;;;;Plant-based meat substitutes (e.g., tofu, tempeh);;Fruits;Leafy vegetables (e.g., spinach, kale);;;;;Animal welfare;Environmental concerns;Religious or ethical beliefs;;I eat a vegan diet because I care about animal welfare, the environment, and my health.;A typical vegan meal for me is a bowl of quinoa with roasted vegetables, chickpeas, and a tahini dressing.;A healthy meal to me means a balanced vegan plate with lots of fresh vegetables, whole grains, legumes, and plant-based proteins. I achieve this by planning my meals around a variety of colorful veggies and avoiding animal products.;18–24;I live alone;University or college degree;I buy groceries and cook most of the time;"Mozilla/5.0 (X11; Linux x86_64) AppleWebKit/537.36 (KHTML, like Gecko) Chrome/137.0.0.0 Safari/537.36 Edg/137.0.0.0";69.244.86.7;69.244.86.7;5;2;0;;0;,1,2,3,4,5,6,7,8,9,10,11,12,13;2___16c0669166a5ae399ea19bcfedec22d8_EXLSKZCZ;58;85;34;-999;16.06.2025 15:12
35;35;16.06.2025 17:02;16.06.2025 17:04;128;de;Screenout ReDem® Quality Check;;13;Never;Rarely;1–2× per week;1–2× per week;Rarely;Rarely;Daily;3–5× per week;Rarely;1–2× per week;Strongly disagree;Disagree;Disagree;Neutral;Disagree;Neutral;Neutral;Agree;Disagree;Strongly disagree;Never;Always;Sometimes;Rarely;Sometimes;Sometimes;Sometimes;Rarely;Sometimes;Sometimes;Pescatarian – I don’t eat meat, but I do eat fish and seafood;Chicken;;;Eggs;;;Milk or dairy products;;;Health and nutrition;;;;Animal welfare;;;;I could help you think through factors like health goals, cultural background, convenience, budget, taste preferences, or ethical considerations that shape how people eat.;A typical meal often reflects someone's lifestyle, preferences, and circumstances. For example, someone might describe their usual dinner as grilled chicken with roasted vegetables and rice - simple, nutritious, and fitting their health goals and cooking skills.;No idea;25–34;I live with parents or other family members;High school diploma;I share cooking and shopping with others;"Mozilla/5.0 (Windows NT 10.0; Win64; x64) AppleWebKit/537.36 (KHTML, like Gecko) Chrome/137.0.0.0 Safari/537.36";1,93154E+11;1,93154E+11;5;2;0;;0;,1,2,3,4,5,6,7,8,9,10,11,12,13;2___1b1ea66b2e42ff422f7671180b90deaa_EXLSKZCZ;44;92;20;-999;16.06.2025 17:04
36;36;16.06.2025 17:17;16.06.2025 17:21;263;en;vollständige Befragung;;13;1–2× per week;1–2× per week;Rarely;1–2× per week;3–5× per week;1–2× per week;3–5× per week;Never;Daily;Rarely;Disagree;Agree;Strongly agree;Disagree;Agree;Agree;Agree;Disagree;Disagree;Disagree;Often;Rarely;Sometimes;Sometimes;Often;Rarely;Sometimes;Sometimes;Rarely;Sometimes;Omnivore – I eat all kinds of food, including meat, fish, and plant-based items;Chicken;Cheese;;Eggs;;;Milk or dairy products;Fruits;;Health and nutrition;Taste and enjoyment;Convenience and speed;Price and budget;Animal welfare;Environmental concerns;;Habit or tradition;I try to achieve a healthy balance between what I like and what is healthy.;Potatoes, vegetables and  chicken;slef cooked, little sugar little salt.;45–59;I live with children;University or college degree;Someone else does most of the shopping/cooking;"Mozilla/5.0 (Windows NT 10.0; Win64; x64) AppleWebKit/537.36 (KHTML, like Gecko) Chrome/137.0.0.0 Safari/537.36";1,93154E+11;1,93154E+11;5;2;0;;0;,1,2,3,4,5,6,7,8,9,10,11,12,13;2___d5a3c375a3431d38ca75c2e6e14dc9b0_EXLSKZCZ;83;92;87;-999;16.06.2025 17:21
37;37;17.06.2025 18:16;17.06.2025 18:16;;de;Aufruf Fragebogen;;0;;;;;;;;;;;;;;;;;;;;;;;;;;;;;;;;;;;;;;;;;;;;;;;;;;;;;;;;"Mozilla/5.0 (Windows NT 10.0; Win64; x64) AppleWebKit/537.36 (KHTML, like Gecko) Chrome/137.0.0.0 Safari/537.36";80.121.55.6;;5;2;0;;0;;2___15a0c35ee0ad6332454590ae4cfb4fd7_EXLSKZCZ;;;;;0
39;39;17.06.2025 18:17;17.06.2025 18:17;;en;Aufruf Fragebogen;;0;;;;;;;;;;;;;;;;;;;;;;;;;;;;;;;;;;;;;;;;;;;;;;;;;;;;;;;;"Mozilla/5.0 (Windows NT 10.0; Win64; x64) AppleWebKit/537.36 (KHTML, like Gecko) Chrome/137.0.0.0 Safari/537.36";80.121.55.6;;5;2;0;;0;;2___5f9cab719dec7950ad616646703d56fc_EXLSKZCZ;;;;;0
40;40;17.06.2025 18:21;17.06.2025 18:21;;en;Aufruf Fragebogen;;0;;;;;;;;;;;;;;;;;;;;;;;;;;;;;;;;;;;;;;;;;;;;;;;;;;;;;;;;"Mozilla/5.0 (Windows NT 10.0; Win64; x64) AppleWebKit/537.36 (KHTML, like Gecko) Chrome/137.0.0.0 Safari/537.36";80.121.55.6;;5;2;0;;0;;2___e3735f7e91c3e37f4d25cdd3b8931037_EXLSKZCZ;;;;;0
44;44;17.06.2025 18:26;17.06.2025 18:26;;de;Aufruf Fragebogen;;0;;;;;;;;;;;;;;;;;;;;;;;;;;;;;;;;;;;;;;;;;;;;;;;;;;;;;;;;"Mozilla/5.0 (Windows NT 10.0; Win64; x64) AppleWebKit/537.36 (KHTML, like Gecko) Chrome/137.0.0.0 Safari/537.36";80.121.55.6;;5;2;0;;0;;2___2dbc362263337b3003280e5ddcfd3c8d_EXLSKZCZ;;;;;0
48;48;18.06.2025 13:47;18.06.2025 13:48;77;en;Screenout ReDem® Quality Check;;13;Never;Rarely;Never;Rarely;Never;Rarely;Never;Rarely;Never;Rarely;Disagree;Neutral;Disagree;Strongly disagree;Disagree;Neutral;Agree;Neutral;Disagree;Strongly disagree;Sometimes;Sometimes;Sometimes;Sometimes;Sometimes;Sometimes;Sometimes;Sometimes;Sometimes;Sometimes;Vegan – I avoid all animal products (no meat, dairy, eggs, etc.);Chicken;Cheese;;;;;;;;Health and nutrition;;;;Animal welfare;;;;I like meet;beefburger;meat;35–44;I live with a partner;Vocational training;Someone else does most of the shopping/cooking;"Mozilla/5.0 (Windows NT 10.0; Win64; x64) AppleWebKit/537.36 (KHTML, like Gecko) Chrome/137.0.0.0 Safari/537.36";1,93154E+11;1,93154E+11;5;2;0;;0;,1,2,3,4,5,6,7,8,9,10,11,12,13;2___597b818404be61b799a06babcf46bc1b_EXLSKZCZ;61;34;70;-999;18.06.2025 13:48
49;49;18.06.2025 13:54;18.06.2025 13:59;205;de;Screenout ReDem® Quality Check;;13;Several times per day;Several times per day;Several times per day;Several times per day;Several times per day;Several times per day;Several times per day;Several times per day;Several times per day;Several times per day;Strongly agree;Strongly agree;Strongly agree;Strongly agree;Strongly agree;Strongly agree;Strongly agree;Strongly agree;Strongly agree;Strongly agree;Always;Always;Always;Always;Always;Always;Always;Always;Always;Always;Vegan – I avoid all animal products (no meat, dairy, eggs, etc.);Chicken;Cheese;Bacon or sausage;Eggs;Fish or seafood;Plant-based meat substitutes (e.g., tofu, tempeh);Milk or dairy products;Fruits;Leafy vegetables (e.g., spinach, kale);Health and nutrition;Taste and enjoyment;Convenience and speed;Price and budget;Animal welfare;Environmental concerns;Religious or ethical beliefs;Habit or tradition;The way I (or anyone) eats today is shaped by a combination of personal, cultural, health, and lifestyle factors.;Lunch Bowl: Grilled Chicken with Quinoa and Roasted Vegetables;A healthy meal, to me personally, means a plate that nourishes both the body and mind, supports long-term well-being, and aligns with my values of sustainability, balance, and simplicity.;35–44;I live with parents or other family members;University or college degree;I mostly eat out or order take-away food;"Mozilla/5.0 (Windows NT 10.0; Win64; x64) AppleWebKit/537.36 (KHTML, like Gecko) Chrome/137.0.0.0 Safari/537.36";1,93154E+11;1,93154E+11;5;2;0;;0;,1,2,3,4,5,6,7,8,9,10,11,12,13;2___3342d3ac2979fcd64a20250ae353031a_EXLSKZCZ;22;0;34;-999;18.06.2025 13:59
51;51;18.06.2025 14:12;18.06.2025 14:14;131;en;Screenout ReDem® Quality Check;;13;Several times per day;Several times per day;Several times per day;Several times per day;Several times per day;Several times per day;Several times per day;Several times per day;Several times per day;Several times per day;Strongly agree;Strongly agree;Strongly agree;Strongly agree;Strongly agree;Strongly agree;Strongly agree;Strongly agree;Strongly agree;Strongly agree;Always;Always;Always;Always;Always;Always;Always;Always;Always;Always;Vegan – I avoid all animal products (no meat, dairy, eggs, etc.);Chicken;Cheese;Bacon or sausage;Eggs;Fish or seafood;Plant-based meat substitutes (e.g., tofu, tempeh);Milk or dairy products;Fruits;Leafy vegetables (e.g., spinach, kale);Health and nutrition;Taste and enjoyment;Convenience and speed;Price and budget;Animal welfare;Environmental concerns;Religious or ethical beliefs;Habit or tradition;Ich versuche durch Ernährung meine Gesundheit zu fördern.;Schnitzel und Pommes;Viel Salat, wenig Salz und wenig Zucker;25–34;I live with children;No formal education;I buy groceries and cook most of the time;"Mozilla/5.0 (Windows NT 10.0; Win64; x64) AppleWebKit/537.36 (KHTML, like Gecko) Chrome/137.0.0.0 Safari/537.36";1,93154E+11;1,93154E+11;5;2;0;;0;,1,2,3,4,5,6,7,8,9,10,11,12,13;2___53b13c7599834d7336c8e2cccf00fcb1_EXLSKZCZ;14;0;20;-999;18.06.2025 14:14
52;52;18.06.2025 14:34;18.06.2025 14:37;133;en;Screenout ReDem® Quality Check;;13;Never;Never;Never;Never;Never;Never;Never;Never;Never;Never;Strongly disagree;Strongly disagree;Strongly disagree;Strongly disagree;Strongly disagree;Strongly disagree;Strongly disagree;Strongly disagree;Strongly disagree;Strongly disagree;Never;Never;Never;Never;Never;Never;Never;Never;Never;Never;Vegan – I avoid all animal products (no meat, dairy, eggs, etc.);Chicken;Cheese;Bacon or sausage;Eggs;Fish or seafood;Plant-based meat substitutes (e.g., tofu, tempeh);Milk or dairy products;Fruits;Leafy vegetables (e.g., spinach, kale);Health and nutrition;Taste and enjoyment;Convenience and speed;Price and budget;Animal welfare;Environmental concerns;Religious or ethical beliefs;Habit or tradition;Vergetables and meat because that is healthy.;Chicken and salad with cheese;No salt no fat no sugar;35–44;I live with parents or other family members;High school diploma;I share cooking and shopping with others;"Mozilla/5.0 (Windows NT 10.0; Win64; x64) AppleWebKit/537.36 (KHTML, like Gecko) Chrome/137.0.0.0 Safari/537.36";1,93154E+11;1,93154E+11;5;2;0;;0;,1,2,3,4,5,6,7,8,9,10,11,12,13;2___94dd12c3450ba2e4706f6b9665632765_EXLSKZCZ;36;0;80;-999;18.06.2025 14:37
53;53;18.06.2025 14:42;18.06.2025 14:45;173;de;Screenout ReDem® Quality Check;;13;Several times per day;Several times per day;Several times per day;Several times per day;Several times per day;Never;Several times per day;Never;Several times per day;Several times per day;Strongly disagree;Strongly disagree;Strongly agree;Strongly disagree;Strongly disagree;Strongly agree;Strongly agree;Strongly disagree;Strongly disagree;Strongly agree;Never;Rarely;Sometimes;Sometimes;Rarely;Sometimes;Sometimes;Rarely;Rarely;Sometimes;Vegan – I avoid all animal products (no meat, dairy, eggs, etc.);Chicken;Cheese;Bacon or sausage;Eggs;Fish or seafood;Plant-based meat substitutes (e.g., tofu, tempeh);Milk or dairy products;Fruits;Leafy vegetables (e.g., spinach, kale);Health and nutrition;Taste and enjoyment;Convenience and speed;Price and budget;Animal welfare;Environmental concerns;Religious or ethical beliefs;Habit or tradition;Becuase that makes me feel good.;Fruits and fish because that’s good for you. And also bananas.;I dion't understand;35–44;I live with children;High school diploma;Someone else does most of the shopping/cooking;"Mozilla/5.0 (Windows NT 10.0; Win64; x64) AppleWebKit/537.36 (KHTML, like Gecko) Chrome/137.0.0.0 Safari/537.36";1,93154E+11;1,93154E+11;5;2;0;;0;,1,2,3,4,5,6,7,8,9,10,11,12,13;2___2406cc4796f1235c73c2450a85c31bcf_EXLSKZCZ;67;87;60;-999;18.06.2025 14:45
59;59;18.06.2025 16:33;18.06.2025 16:34;66;de;Screenout ReDem® Quality Check;;13;Never;Rarely;1–2× per week;1–2× per week;1–2× per week;1–2× per week;3–5× per week;1–2× per week;Several times per day;3–5× per week;Neutral;Disagree;Disagree;Disagree;Agree;Agree;Disagree;Strongly disagree;Neutral;Neutral;Never;Rarely;Sometimes;Sometimes;Rarely;Often;Rarely;Rarely;Sometimes;Rarely;Vegan – I avoid all animal products (no meat, dairy, eggs, etc.);;;Bacon or sausage;;;Plant-based meat substitutes (e.g., tofu, tempeh);Milk or dairy products;;;;Taste and enjoyment;;;Animal welfare;;;;much work to do;meat and rice;veggie and fruits;35–44;I live with children;High school diploma;I share cooking and shopping with others;"Mozilla/5.0 (Windows NT 10.0; Win64; x64) AppleWebKit/537.36 (KHTML, like Gecko) Chrome/137.0.0.0 Safari/537.36";217.91.17.29;217.91.17.29;5;2;0;;0;,1,2,3,4,5,6,7,8,9,10,11,12,13;2___482406a8aceb9db15b1d9135fbae7528_EXLSKZCZ;71;90;70;-999;18.06.2025 16:34
60;60;18.06.2025 16:44;18.06.2025 16:45;74;de;Redem® Prüfung Complete;;13;Several times per day;Several times per day;Several times per day;Several times per day;Several times per day;Several times per day;Several times per day;Several times per day;Several times per day;Several times per day;Strongly agree;Strongly agree;Strongly agree;Strongly agree;Strongly agree;Strongly agree;Agree;Neutral;Disagree;Strongly disagree;Always;Always;Always;Often;Sometimes;Sometimes;Sometimes;Sometimes;Rarely;Rarely;Pescatarian – I don’t eat meat, but I do eat fish and seafood;;;;;Fish or seafood;;;Fruits;;Health and nutrition;;;;Animal welfare;;;;because I was hungry;met, fruits and rice;eat with weekly plan;35–44;I live with parents or other family members;Vocational training;Someone else does most of the shopping/cooking;"Mozilla/5.0 (Windows NT 10.0; Win64; x64) AppleWebKit/537.36 (KHTML, like Gecko) Chrome/137.0.0.0 Safari/537.36";217.91.17.29;217.91.17.29;5;2;0;;0;,1,2,3,4,5,6,7,8,9,10,11,12,13;2___09e296de4d76b09f0c055e90ed1d4562_EXLSKZCZ;;;;;0
61;61;18.06.2025 16:48;18.06.2025 16:49;52;de;Screenout ReDem® Quality Check;;13;1–2× per week;Rarely;1–2× per week;Rarely;Rarely;3–5× per week;1–2× per week;1–2× per week;Rarely;3–5× per week;Strongly disagree;Disagree;Strongly disagree;Disagree;Strongly disagree;Strongly disagree;Disagree;Strongly disagree;Neutral;Neutral;Sometimes;Rarely;Never;Sometimes;Rarely;Rarely;Rarely;Sometimes;Sometimes;Sometimes;Flexitarian – I mostly avoid meat but eat it occasionally;;;Bacon or sausage;Eggs;;;Milk or dairy products;;;;;Convenience and speed;Price and budget;;Environmental concerns;;;because I have much work;because I have much work;because I have much work;35–44;I live with children;University or college degree;I buy groceries and cook most of the time;"Mozilla/5.0 (Windows NT 10.0; Win64; x64) AppleWebKit/537.36 (KHTML, like Gecko) Chrome/137.0.0.0 Safari/537.36";217.91.17.29;217.91.17.29;5;2;0;;0;,1,2,3,4,5,6,7,8,9,10,11,12,13;2___5359bf5f840055824ec3dc26d21e9d24_EXLSKZCZ;44;91;10;-999;18.06.2025 16:49
